REGIAO;UF;DESTINATARIO;LOCALIDADE;ITEM;PROGRAMA DE SAUDE;QUANTIDADE;DATA DE SOLICITACAO;STATUS;DATA DE ENTREGA
NORTE;ACRE;SES;BOA VISTA;DIFOSFATO DE CLOROQUINA 150MG;COVID-19;79000,0;;EM ANDAMENTO;
NORDESTE;CEARA;SES;FORTALEZA;DIFOSFATO DE CLOROQUINA 150MG;COVID-19;50000,0;;EM ANDAMENTO;
SUDESTE;ESPIRITO SANTO;SES;VITORIA;DIFOSFATO DE CLOROQUINA 150MG;COVID-19;40000,0;;EM ANDAMENTO;
CENTRO-OESTE;GOIAS;SES;GOIANIA;DIFOSFATO DE CLOROQUINA 150MG;COVID-19;25000,0;;EM ANDAMENTO;
CENTRO-OESTE;MATO GROSSO;SES;CUIABA;DIFOSFATO DE CLOROQUINA 150MG;COVID-19;10000,0;;EM ANDAMENTO;
CENTRO-OESTE;MATO GROSSO DO SUL;SES;CAMPO GRANDE;DIFOSFATO DE CLOROQUINA 150MG;COVID-19;15000,0;;EM ANDAMENTO;
NORTE;PARA;SES;MARITUBA;DIFOSFATO DE CLOROQUINA 150MG;COVID-19;100000,0;;EM ANDAMENTO;
NORDESTE;RIO GRANDE DO NORTE;SES;NATAL;DIFOSFATO DE CLOROQUINA 150MG;COVID-19;10000,0;;EM ANDAMENTO;
SUL;RIO GRANDE DO SUL;SES;PORTO ALEGRE;DIFOSFATO DE CLOROQUINA 150MG;COVID-19;323500,0;;EM ANDAMENTO;
NORTE;RONDONIA;SES;PORTO VELHO;DIFOSFATO DE CLOROQUINA 150MG;COVID-19;60000,0;;EM ANDAMENTO;
CENTRO-OESTE;TOCANTINS;SES;PALMAS;DIFOSFATO DE CLOROQUINA 150MG;COVID-19;20000,0;;EM ANDAMENTO;
NORTE;ACRE;SMS;BOA VISTA;DIFOSFATO DE CLOROQUINA 150MG;COVID-19;15000,0;;EM ANDAMENTO;
NORDESTE;ALAGOAS;SMS;MACEIO;DIFOSFATO DE CLOROQUINA 150MG;COVID-19;30000,0;;EM ANDAMENTO;
NORTE;AMAZONAS;SMS;MANAUS;DIFOSFATO DE CLOROQUINA 150MG;COVID-19;10000,0;;EM ANDAMENTO;
SUDESTE;ESPIRITO SANTO;SMS;VITORIA;DIFOSFATO DE CLOROQUINA 150MG;COVID-19;54000,0;;EM ANDAMENTO;
CENTRO-OESTE;MATO GROSSO;SMS;CUIABA;DIFOSFATO DE CLOROQUINA 150MG;COVID-19;9000,0;;EM ANDAMENTO;
CENTRO-OESTE;MATO GROSSO DO SUL;SMS;CAMPO GRANDE;DIFOSFATO DE CLOROQUINA 150MG;COVID-19;15000,0;;EM ANDAMENTO;
NORDESTE;PERNAMBUCO;SMS;RECIFE;DIFOSFATO DE CLOROQUINA 150MG;COVID-19;1500,0;;EM ANDAMENTO;
NORDESTE;PIAUI;SMS;TERESINA;DIFOSFATO DE CLOROQUINA 150MG;COVID-19;4500,0;;EM ANDAMENTO;
NORTE;RONDONIA;SMS;PORTO VELHO;DIFOSFATO DE CLOROQUINA 150MG;COVID-19;40000,0;;EM ANDAMENTO;
SUL;SANTA CATARINA;SMS;FLORIANOPOLIS;DIFOSFATO DE CLOROQUINA 150MG;COVID-19;1200,0;;EM ANDAMENTO;
CENTRO-OESTE;TOCANTINS;SMS;PALMAS;DIFOSFATO DE CLOROQUINA 150MG;COVID-19;12000,0;;EM ANDAMENTO;
NORDESTE;BAHIA;SMS;SALVADOR;FOSFATO DE OSELTAMIVIR 75MG;INFLUENZA;3000,0;;EM ANDAMENTO;
NORTE;PARA;DSEI ALTAMIRA;ALTAMIRA;DIFOSFATO DE CLOROQUINA 150MG;MALARIA;6500,0;2020/06/24 00:00:00.000;EM ANDAMENTO;
NORTE;AMAZONAS;DSEI ALTO RIO NEGRO;SAO GABRIEL DA CACHOEIRA;DIFOSFATO DE CLOROQUINA 150MG;MALARIA;500,0;2020/06/05 00:00:00.000;EM ANDAMENTO;
NORTE;AMAZONAS;DSEI ALTO RIO NEGRO;SAO GABRIEL DA CACHOEIRA;DIFOSFATO DE CLOROQUINA 150MG;MALARIA;7500,0;2020/06/30 00:00:00.000;EM ANDAMENTO;
NORTE;AMAZONAS;DSEI VALE DO JAVARI;ATALAIA DO NORTE;DIFOSFATO DE CLOROQUINA 150MG;MALARIA;9000,0;2020/06/12 00:00:00.000;EM ANDAMENTO;
NORTE;AMAZONAS;DSEI ALTO RIO SOLIMOES;TABATINGA;DIFOSFATO DE CLOROQUINA 150MG;MALARIA;2000,0;2020/06/18 00:00:00.000;EM ANDAMENTO;
NORTE;PARA;DSEI KAIAPO REDENCAO;REDENCAO;DIFOSFATO DE CLOROQUINA 150MG;MALARIA;1000,0;2020/07/03 00:00:00.000;EM ANDAMENTO;
NORTE;Acre;SES;RIO BRANCO;DIFOSFATO DE CLOROQUINA 150MG;COVID-19;5000,0;;ENTREGA REALIZADA;2020/03/31 00:00:00.000
NORTE;Acre;SES;RIO BRANCO;DIFOSFATO DE CLOROQUINA 150MG;COVID-19;5000,0;;ENTREGA REALIZADA;2020/04/18 00:00:00.000
NORTE;Acre;SES;RIO BRANCO;DIFOSFATO DE CLOROQUINA 150MG;COVID-19;8000,0;;ENTREGA REALIZADA;2020/05/15 00:00:00.000
NORTE;AMAZONAS;SES;MANAUS;DIFOSFATO DE CLOROQUINA 150MG;COVID-19;11000,0;;ENTREGA REALIZADA;2020/03/31 00:00:00.000
NORTE;AMAZONAS;SES;MANAUS;DIFOSFATO DE CLOROQUINA 150MG;COVID-19;50000,0;;ENTREGA REALIZADA;2020/04/16 00:00:00.000
NORTE;AMAZONAS;SES;MANAUS;DIFOSFATO DE CLOROQUINA 150MG;COVID-19;110000,0;;ENTREGA REALIZADA;2020/05/04 00:00:00.000
NORTE;AMAPA;SES;MACAPA;DIFOSFATO DE CLOROQUINA 150MG;COVID-19;2000,0;;ENTREGA REALIZADA;2020/03/31 00:00:00.000
NORTE;AMAPA;SES;MACAPA;DIFOSFATO DE CLOROQUINA 150MG;COVID-19;10000,0;;ENTREGA REALIZADA;2020/04/22 00:00:00.000
NORTE;AMAPA;SES;MACAPA;DIFOSFATO DE CLOROQUINA 150MG;COVID-19;25000,0;;ENTREGA REALIZADA;2020/05/20 00:00:00.000
NORTE;PARA;SES;MARITUBA;DIFOSFATO DE CLOROQUINA 150MG;COVID-19;5000,0;;ENTREGA REALIZADA;2020/03/28 00:00:00.000
NORTE;PARA;SES;MARITUBA;DIFOSFATO DE CLOROQUINA 150MG;COVID-19;10000,0;;ENTREGA REALIZADA;2020/04/22 00:00:00.000
NORTE;PARA;SES;MARITUBA;DIFOSFATO DE CLOROQUINA 150MG;COVID-19;200000,0;;ENTREGA REALIZADA;2020/05/02 00:00:00.000
NORTE;Rondônia;SES;PORTO VELHO;DIFOSFATO DE CLOROQUINA 150MG;COVID-19;2000,0;;ENTREGA REALIZADA;2020/03/31 00:00:00.000
NORTE;Rondônia;SES;PORTO VELHO;DIFOSFATO DE CLOROQUINA 150MG;COVID-19;5000,0;;ENTREGA REALIZADA;2020/04/23 00:00:00.000
NORTE;Rondônia;SES;PORTO VELHO;DIFOSFATO DE CLOROQUINA 150MG;COVID-19;14000,0;;ENTREGA REALIZADA;2020/05/11 00:00:00.000
NORTE;RORAIMA;SES;BOA VISTA;DIFOSFATO DE CLOROQUINA 150MG;COVID-19;2000,0;;ENTREGA REALIZADA;2020/03/31 00:00:00.000
NORTE;RORAIMA;SES;BOA VISTA;DIFOSFATO DE CLOROQUINA 150MG;COVID-19;5000,0;;ENTREGA REALIZADA;2020/04/16 00:00:00.000
NORTE;RORAIMA;SES;BOA VISTA;DIFOSFATO DE CLOROQUINA 150MG;COVID-19;13000,0;;ENTREGA REALIZADA;2020/05/15 00:00:00.000
NORTE;Tocantins;SES;PALMAS;DIFOSFATO DE CLOROQUINA 150MG;COVID-19;2000,0;;ENTREGA REALIZADA;2020/03/31 00:00:00.000
NORTE;Tocantins;SES;PALMAS;DIFOSFATO DE CLOROQUINA 150MG;COVID-19;5000,0;;ENTREGA REALIZADA;2020/04/01 00:00:00.000
NORTE;Tocantins;SES;PALMAS;DIFOSFATO DE CLOROQUINA 150MG;COVID-19;4000,0;;ENTREGA REALIZADA;2020/05/04 00:00:00.000
NORDESTE;ALAGOAS;SES;MACEIO;DIFOSFATO DE CLOROQUINA 150MG;COVID-19;2500,0;;ENTREGA REALIZADA;2020/03/30 00:00:00.000
NORDESTE;ALAGOAS;SES;MACEIO;DIFOSFATO DE CLOROQUINA 150MG;COVID-19;5000,0;;ENTREGA REALIZADA;2020/04/27 00:00:00.000
NORDESTE;ALAGOAS;SES;MACEIO;DIFOSFATO DE CLOROQUINA 150MG;COVID-19;24000,0;;ENTREGA REALIZADA;2020/05/05 00:00:00.000
NORDESTE;BAHIA;SES;SALVADOR;DIFOSFATO DE CLOROQUINA 150MG;COVID-19;17000,0;;ENTREGA REALIZADA;2020/03/30 00:00:00.000
NORDESTE;BAHIA;SES;SALVADOR;DIFOSFATO DE CLOROQUINA 150MG;COVID-19;24000,0;;ENTREGA REALIZADA;2020/04/27 00:00:00.000
NORDESTE;CEARA;SES;FORTALEZA;DIFOSFATO DE CLOROQUINA 150MG;COVID-19;40000,0;;ENTREGA REALIZADA;2020/03/28 00:00:00.000
NORDESTE;CEARA;SES;FORTALEZA;DIFOSFATO DE CLOROQUINA 150MG;COVID-19;60000,0;;ENTREGA REALIZADA;2020/04/24 00:00:00.000
NORDESTE;CEARA;SES;FORTALEZA;DIFOSFATO DE CLOROQUINA 150MG;COVID-19;202000,0;;ENTREGA REALIZADA;2020/05/02 00:00:00.000
NORDESTE;MARANHAO;SES;SAO LUIZ;DIFOSFATO DE CLOROQUINA 150MG;COVID-19;2000,0;;ENTREGA REALIZADA;2020/03/27 00:00:00.000
NORDESTE;MARANHAO;SES;SAO LUIZ;DIFOSFATO DE CLOROQUINA 150MG;COVID-19;16000,0;;ENTREGA REALIZADA;2020/04/27 00:00:00.000
NORDESTE;MARANHAO;SES;SAO LUIZ;DIFOSFATO DE CLOROQUINA 150MG;COVID-19;80000,0;;ENTREGA REALIZADA;2020/05/04 00:00:00.000
NORDESTE;PARAIBA;SES;JOAO PESSOA;DIFOSFATO DE CLOROQUINA 150MG;COVID-19;2000,0;;ENTREGA REALIZADA;2020/03/30 00:00:00.000
NORDESTE;PARAIBA;SES;JOAO PESSOA;DIFOSFATO DE CLOROQUINA 150MG;COVID-19;5000,0;;ENTREGA REALIZADA;2020/04/23 00:00:00.000
NORDESTE;PARAIBA;SES;JOAO PESSOA;DIFOSFATO DE CLOROQUINA 150MG;COVID-19;18000,0;;ENTREGA REALIZADA;2020/05/07 00:00:00.000
NORDESTE;PERNAMBUCO;SES;RECIFE;DIFOSFATO DE CLOROQUINA 150MG;COVID-19;10000,0;;ENTREGA REALIZADA;2020/03/28 00:00:00.000
NORDESTE;PERNAMBUCO;SES;RECIFE;DIFOSFATO DE CLOROQUINA 150MG;COVID-19;37000,0;;ENTREGA REALIZADA;2020/04/23 00:00:00.000
NORDESTE;PERNAMBUCO;SES;RECIFE;DIFOSFATO DE CLOROQUINA 150MG;COVID-19;176000,0;;ENTREGA REALIZADA;2020/05/02 00:00:00.000
NORDESTE;PIAUI;SES;TERESINA;DIFOSFATO DE CLOROQUINA 150MG;COVID-19;2000,0;;ENTREGA REALIZADA;2020/03/30 00:00:00.000
NORDESTE;PIAUI;SES;TERESINA;DIFOSFATO DE CLOROQUINA 150MG;COVID-19;5000,0;;ENTREGA REALIZADA;2020/04/27 00:00:00.000
NORDESTE;PIAUI;SES;TERESINA;DIFOSFATO DE CLOROQUINA 150MG;COVID-19;13000,0;;ENTREGA REALIZADA;2020/05/06 00:00:00.000
NORDESTE;RIO GRANDE DO NORTE;SES;NATAL;DIFOSFATO DE CLOROQUINA 150MG;COVID-19;3000,0;;ENTREGA REALIZADA;2020/03/30 00:00:00.000
NORDESTE;RIO GRANDE DO NORTE;SES;NATAL;DIFOSFATO DE CLOROQUINA 150MG;COVID-19;12000,0;;ENTREGA REALIZADA;2020/04/27 00:00:00.000
NORDESTE;RIO GRANDE DO NORTE;SES;NATAL;DIFOSFATO DE CLOROQUINA 150MG;COVID-19;21000,0;;ENTREGA REALIZADA;2020/05/06 00:00:00.000
NORDESTE;SERGIPE;SES;ARACAJU;DIFOSFATO DE CLOROQUINA 150MG;COVID-19;3500,0;;ENTREGA REALIZADA;2020/03/31 00:00:00.000
NORDESTE;SERGIPE;SES;ARACAJU;DIFOSFATO DE CLOROQUINA 150MG;COVID-19;5000,0;;ENTREGA REALIZADA;2020/04/23 00:00:00.000
NORDESTE;SERGIPE;SES;ARACAJU;DIFOSFATO DE CLOROQUINA 150MG;COVID-19;6000,0;;ENTREGA REALIZADA;2020/05/04 00:00:00.000
CENTRO-OESTE;DISTRITO FEDERAL;SES;BRASILIA;DIFOSFATO DE CLOROQUINA 150MG;COVID-19;32000,0;;ENTREGA REALIZADA;2020/03/29 00:00:00.000
CENTRO-OESTE;DISTRITO FEDERAL;SES;BRASILIA;DIFOSFATO DE CLOROQUINA 150MG;COVID-19;19000,0;;ENTREGA REALIZADA;2020/04/22 00:00:00.000
CENTRO-OESTE;DISTRITO FEDERAL;SES;BRASILIA;DIFOSFATO DE CLOROQUINA 150MG;COVID-19;21000,0;;ENTREGA REALIZADA;2020/05/04 00:00:00.000
CENTRO-OESTE;GOIAS;SES;GOIANIA;DIFOSFATO DE CLOROQUINA 150MG;COVID-19;6000,0;;ENTREGA REALIZADA;2020/03/30 00:00:00.000
CENTRO-OESTE;GOIAS;SES;GOIANIA;DIFOSFATO DE CLOROQUINA 150MG;COVID-19;8000,0;;ENTREGA REALIZADA;2020/04/21 00:00:00.000
CENTRO-OESTE;MATO GROSSO DO SUL;SES;CAMPO GRANDE;DIFOSFATO DE CLOROQUINA 150MG;COVID-19;5000,0;;ENTREGA REALIZADA;2020/03/29 00:00:00.000
CENTRO-OESTE;MATO GROSSO DO SUL;SES;CAMPO GRANDE;DIFOSFATO DE CLOROQUINA 150MG;COVID-19;5000,0;;ENTREGA REALIZADA;2020/04/24 00:00:00.000
CENTRO-OESTE;MATO GROSSO DO SUL;SES;CAMPO GRANDE;DIFOSFATO DE CLOROQUINA 150MG;COVID-19;6000,0;;ENTREGA REALIZADA;2020/05/05 00:00:00.000
CENTRO-OESTE;MATO GROSSO;SES;CUIABA;DIFOSFATO DE CLOROQUINA 150MG;COVID-19;3000,0;;ENTREGA REALIZADA;2020/03/29 00:00:00.000
CENTRO-OESTE;MATO GROSSO;SES;CUIABA;DIFOSFATO DE CLOROQUINA 150MG;COVID-19;6000,0;;ENTREGA REALIZADA;2020/04/24 00:00:00.000
CENTRO-OESTE;MATO GROSSO;SES;CUIABA;DIFOSFATO DE CLOROQUINA 150MG;COVID-19;6000,0;;ENTREGA REALIZADA;2020/05/04 00:00:00.000
SUL;PARANA;SES;CURITIBA;DIFOSFATO DE CLOROQUINA 150MG;COVID-19;17000,0;;ENTREGA REALIZADA;2020/03/28 00:00:00.000
SUL;PARANA;SES;CURITIBA;DIFOSFATO DE CLOROQUINA 150MG;COVID-19;27000,0;;ENTREGA REALIZADA;2020/04/23 00:00:00.000
SUL;PARANA;SES;CURITIBA;DIFOSFATO DE CLOROQUINA 150MG;COVID-19;18000,0;;ENTREGA REALIZADA;2020/05/02 00:00:00.000
SUL;Rio Grande do Sul;SES;PORTO ALEGRE;DIFOSFATO DE CLOROQUINA 150MG;COVID-19;25000,0;;ENTREGA REALIZADA;2020/03/31 00:00:00.000
SUL;Rio Grande do Sul;SES;PORTO ALEGRE;DIFOSFATO DE CLOROQUINA 150MG;COVID-19;22000,0;;ENTREGA REALIZADA;2020/04/22 00:00:00.000
SUL;SANTA CATARINA;SES;SAO JOSE;DIFOSFATO DE CLOROQUINA 150MG;COVID-19;22000,0;;ENTREGA REALIZADA;2020/03/28 00:00:00.000
SUL;SANTA CATARINA;SES;SAO JOSE;DIFOSFATO DE CLOROQUINA 150MG;COVID-19;27000,0;;ENTREGA REALIZADA;2020/04/20 00:00:00.000
SUDESTE;ESPIRITO SANTO;SES;VITORIA;DIFOSFATO DE CLOROQUINA 150MG;COVID-19;8000,0;;ENTREGA REALIZADA;2020/03/28 00:00:00.000
SUDESTE;ESPIRITO SANTO;SES;VITORIA;DIFOSFATO DE CLOROQUINA 150MG;COVID-19;14000,0;;ENTREGA REALIZADA;2020/04/22 00:00:00.000
SUDESTE;ESPIRITO SANTO;SES;VITORIA;DIFOSFATO DE CLOROQUINA 150MG;COVID-19;56000,0;;ENTREGA REALIZADA;2020/05/04 00:00:00.000
SUDESTE;MINAS GERAIS;SES;BELO HORIZONTE;DIFOSFATO DE CLOROQUINA 150MG;COVID-19;27000,0;;ENTREGA REALIZADA;2020/03/30 00:00:00.000
SUDESTE;MINAS GERAIS;SES;BELO HORIZONTE;DIFOSFATO DE CLOROQUINA 150MG;COVID-19;27000,0;;ENTREGA REALIZADA;2020/04/23 00:00:00.000
SUDESTE;MINAS GERAIS;SES;BELO HORIZONTE;DIFOSFATO DE CLOROQUINA 150MG;COVID-19;31000,0;;ENTREGA REALIZADA;2020/05/04 00:00:00.000
SUDESTE;RIO DE JANEIRO;SES;NITEROI;DIFOSFATO DE CLOROQUINA 150MG;COVID-19;74000,0;;ENTREGA REALIZADA;2020/03/28 00:00:00.000
SUDESTE;RIO DE JANEIRO;SES;NITEROI;DIFOSFATO DE CLOROQUINA 150MG;COVID-19;100000,0;;ENTREGA REALIZADA;2020/04/17 00:00:00.000
SUDESTE;RIO DE JANEIRO;SES;NITEROI;DIFOSFATO DE CLOROQUINA 150MG;COVID-19;50000,0;;ENTREGA REALIZADA;2020/05/06 00:00:00.000
SUDESTE;SAO PAULO;SES;SAO PAULO;DIFOSFATO DE CLOROQUINA 150MG;COVID-19;170000,0;;ENTREGA REALIZADA;2020/03/28 00:00:00.000
SUDESTE;SAO PAULO;SES;SAO PAULO;DIFOSFATO DE CLOROQUINA 150MG;COVID-19;316000,0;;ENTREGA REALIZADA;2020/04/20 00:00:00.000
SUDESTE;SAO PAULO;SES;SAO PAULO;DIFOSFATO DE CLOROQUINA 150MG;COVID-19;200000,0;;ENTREGA REALIZADA;2020/05/06 00:00:00.000
NORTE;Acre;SES;RIO BRANCO;DIFOSFATO DE CLOROQUINA 150MG;COVID-19;79000,0;;ENTREGA REALIZADA;2020/06/14 00:00:00.000
NORTE;AMAZONAS;SES;MANAUS;DIFOSFATO DE CLOROQUINA 150MG;COVID-19;200000,0;;ENTREGA REALIZADA;2020/06/04 00:00:00.000
NORTE;AMAPA;SES;MACAPA;DIFOSFATO DE CLOROQUINA 150MG;COVID-19;73500,0;;ENTREGA REALIZADA;2020/06/10 00:00:00.000
NORTE;PARA;SES;MARITUBA;DIFOSFATO DE CLOROQUINA 150MG;COVID-19;224000,0;;ENTREGA REALIZADA;2020/06/04 00:00:00.000
NORTE;Rondônia;SES;PORTO VELHO;DIFOSFATO DE CLOROQUINA 150MG;COVID-19;50000,0;;ENTREGA REALIZADA;2020/06/12 00:00:00.000
NORTE;RORAIMA;SES;BOA VISTA;DIFOSFATO DE CLOROQUINA 150MG;COVID-19;80000,0;;ENTREGA REALIZADA;2020/06/05 00:00:00.000
NORDESTE;ALAGOAS;SES;MACEIO;DIFOSFATO DE CLOROQUINA 150MG;COVID-19;380500,0;;ENTREGA REALIZADA;2020/06/05 00:00:00.000
NORDESTE;MARANHAO;SES;SAO LUIZ;DIFOSFATO DE CLOROQUINA 150MG;COVID-19;180000,0;;ENTREGA REALIZADA;2020/06/12 00:00:00.000
NORDESTE;PARAIBA;SES;JOAO PESSOA;DIFOSFATO DE CLOROQUINA 150MG;COVID-19;50000,0;;ENTREGA REALIZADA;2020/06/05 00:00:00.000
NORDESTE;PIAUI;SES;TERESINA;DIFOSFATO DE CLOROQUINA 150MG;COVID-19;10000,0;;ENTREGA REALIZADA;2020/06/06 00:00:00.000
NORDESTE;RIO GRANDE DO NORTE;SES;NATAL;DIFOSFATO DE CLOROQUINA 150MG;COVID-19;100000,0;;ENTREGA REALIZADA;2020/06/08 00:00:00.000
CENTRO-OESTE;GOIAS;SES;GOIANIA;DIFOSFATO DE CLOROQUINA 150MG;COVID-19;15000,0;;ENTREGA REALIZADA;2020/06/05 00:00:00.000
NORTE;RORAIMA;SES;BOA VISTA;DIFOSFATO DE CLOROQUINA 150MG;COVID-19;100000,0;;ENTREGA REALIZADA;2020/07/05 00:00:00.000
NORTE;RORAIMA;SMS;BOA VISTA;DIFOSFATO DE CLOROQUINA 150MG;COVID-19;40000,0;;ENTREGA REALIZADA;2020/07/05 00:00:00.000
NORDESTE;BAHIA;SMS;PORTO SEGURO;DIFOSFATO DE CLOROQUINA 150MG;COVID-19;40000,0;;ENTREGA REALIZADA;2020/06/29 00:00:00.000
NORTE;RORAIMA;SAUDE INDIGENA;DSEI YANOMAMI;DIFOSFATO DE CLOROQUINA 150MG;COVID-19;33000,0;;ENTREGA REALIZADA;2020/06/29 00:00:00.000
NORTE;RORAIMA;SAUDE INDIGENA;DSEI LESTE RORAIMA;DIFOSFATO DE CLOROQUINA 150MG;COVID-19;33000,0;;ENTREGA REALIZADA;2020/06/29 00:00:00.000
NORTE;RORAIMA;SAUDE INDIGENA;DSEI YANOMAMI - ALDEIA SURUCUCU;DIFOSFATO DE CLOROQUINA 150MG;COVID-19;2500,0;;ENTREGA REALIZADA;2020/06/29 00:00:00.000
NORTE;RORAIMA;SAUDE INDIGENA;DSEI YANOMAMI - ALDEIA AUARIS;DIFOSFATO DE CLOROQUINA 150MG;COVID-19;4000,0;;ENTREGA REALIZADA;2020/06/29 00:00:00.000
NORTE;RORAIMA;SAUDE INDIGENA;DSEI LESTE RORAIMA - ALDEIA NORMANDIA;DIFOSFATO DE CLOROQUINA 150MG;COVID-19;9500,0;;ENTREGA REALIZADA;2020/06/29 00:00:00.000
NORTE;RORAIMA;SAUDE INDIGENA;DSEI LESTE RORAIMA - ALDEIA UIRAMUTA;DIFOSFATO DE CLOROQUINA 150MG;COVID-19;12500,0;;ENTREGA REALIZADA;2020/06/29 00:00:00.000
NORTE;RORAIMA;SAUDE INDIGENA;DSEI LESTE RORAIMA - ALDEIA BONFIM;DIFOSFATO DE CLOROQUINA 150MG;COVID-19;6000,0;;ENTREGA REALIZADA;2020/06/29 00:00:00.000
CENTRO-OESTE;MATO GROSSO DO SUL;SMS;CAMPO GRANDE;DIFOSFATO DE CLOROQUINA 150MG;COVID-19;10000,0;;ENTREGA REALIZADA;2020/07/07 00:00:00.000
SUL;SANTA CATARINA;SMS;JOENVILLE;DIFOSFATO DE CLOROQUINA 150MG;COVID-19;9500,0;;ENTREGA REALIZADA;2020/07/11 00:00:00.000
NORTE;Acre;SMS;BOA VISTA;FOSFATO DE OSELTAMIVIR 75MG;INFLUENZA;15000,0;;ENTREGA REALIZADA;2020/07/03 00:00:00.000
NORTE;Amapá;SMS;MACAPA;FOSFATO DE OSELTAMIVIR 75MG;INFLUENZA;1000,0;;ENTREGA REALIZADA;2020/07/10 00:00:00.000
NORTE;Amazonas;SMS;MANAUS;FOSFATO DE OSELTAMIVIR 75MG;INFLUENZA;4000,0;;ENTREGA REALIZADA;2020/06/26 00:00:00.000
NORTE;Pará;SMS;BELEM;FOSFATO DE OSELTAMIVIR 75MG;INFLUENZA;6000,0;;ENTREGA REALIZADA;2020/07/02 00:00:00.000
NORTE;Rondônia;SMS;PORTO VELHO;FOSFATO DE OSELTAMIVIR 75MG;INFLUENZA;50000,0;;ENTREGA REALIZADA;2020/07/02 00:00:00.000
NORTE;Roraima;SMS;BOA VISTA;FOSFATO DE OSELTAMIVIR 75MG;INFLUENZA;50000,0;;ENTREGA REALIZADA;2020/06/30 00:00:00.000
NORDESTE;Alagoas;SMS;MACEIO;FOSFATO DE OSELTAMIVIR 75MG;INFLUENZA;10000,0;;ENTREGA REALIZADA;2020/06/30 00:00:00.000
NORDESTE;Ceará;SMS;FORTALEZA;FOSFATO DE OSELTAMIVIR 75MG;INFLUENZA;40000,0;;ENTREGA REALIZADA;2020/06/26 00:00:00.000
NORDESTE;Maranhão;SMS;SAO LUIZ;FOSFATO DE OSELTAMIVIR 75MG;INFLUENZA;2000,0;;ENTREGA REALIZADA;2020/06/30 00:00:00.000
NORDESTE;Paraíba;SMS;JOAO PESSOA;FOSFATO DE OSELTAMIVIR 75MG;INFLUENZA;4000,0;;ENTREGA REALIZADA;2020/06/30 00:00:00.000
NORDESTE;Pernambuco;SMS;RECIFE;FOSFATO DE OSELTAMIVIR 75MG;INFLUENZA;15000,0;;ENTREGA REALIZADA;2020/06/26 00:00:00.000
NORDESTE;Piauí;SMS;TERESINA;FOSFATO DE OSELTAMIVIR 75MG;INFLUENZA;13000,0;;ENTREGA REALIZADA;2020/06/30 00:00:00.000
NORDESTE;Rio Grande do Norte;SMS;NATAL;FOSFATO DE OSELTAMIVIR 75MG;INFLUENZA;8000,0;;ENTREGA REALIZADA;2020/07/06 00:00:00.000
NORDESTE;Sergipe;SMS;ARACAJU;FOSFATO DE OSELTAMIVIR 75MG;INFLUENZA;5000,0;;ENTREGA REALIZADA;2020/06/30 00:00:00.000
SUDESTE;Espírito Santo;SMS;VITORIA;FOSFATO DE OSELTAMIVIR 75MG;INFLUENZA;15000,0;;ENTREGA REALIZADA;2020/06/29 00:00:00.000
SUDESTE;Minas Gerais;SMS;BELO HORIZONTE;FOSFATO DE OSELTAMIVIR 75MG;INFLUENZA;70000,0;;ENTREGA REALIZADA;2020/06/25 00:00:00.000
SUDESTE;Rio de Janeiro;SMS;RIO DE JANEIRO;FOSFATO DE OSELTAMIVIR 75MG;INFLUENZA;38000,0;;ENTREGA REALIZADA;2020/06/26 00:00:00.000
SUDESTE;São Paulo;SMS;SAO PAULO;FOSFATO DE OSELTAMIVIR 75MG;INFLUENZA;300000,0;;ENTREGA REALIZADA;2020/06/25 00:00:00.000
SUL;Paraná;SMS;CURITIBA;FOSFATO DE OSELTAMIVIR 75MG;INFLUENZA;100000,0;;ENTREGA REALIZADA;2020/06/26 00:00:00.000
SUL;Santa Catarina;SMS;FLORIANOPOLIS;FOSFATO DE OSELTAMIVIR 75MG;INFLUENZA;16000,0;;ENTREGA REALIZADA;2020/06/29 00:00:00.000
CENTRO-OESTE;Goiás;SMS;GOIANIA;FOSFATO DE OSELTAMIVIR 75MG;INFLUENZA;7500,0;;ENTREGA REALIZADA;2020/06/26 00:00:00.000
CENTRO-OESTE;Mato Grosso;SMS;CUIABA;FOSFATO DE OSELTAMIVIR 75MG;INFLUENZA;5500,0;;ENTREGA REALIZADA;2020/06/25 00:00:00.000
CENTRO-OESTE;Mato Grosso do Sul;SMS;CAMPO GRANDE;FOSFATO DE OSELTAMIVIR 75MG;INFLUENZA;10000,0;;ENTREGA REALIZADA;2020/06/29 00:00:00.000
NORTE;Acre;SES;RIO BRANCO;FOSFATO DE OSELTAMIVIR 75MG;INFLUENZA;15000,0;;ENTREGA REALIZADA;2020/07/03 00:00:00.000
NORTE;Amapá;SES;MACAPA;FOSFATO DE OSELTAMIVIR 75MG;INFLUENZA;3000,0;;ENTREGA REALIZADA;2020/07/10 00:00:00.000
NORTE;Amazonas;SES;MANAUS;FOSFATO DE OSELTAMIVIR 75MG;INFLUENZA;3000,0;;ENTREGA REALIZADA;2020/07/01 00:00:00.000
NORTE;Pará;SES;MARITUBA;FOSFATO DE OSELTAMIVIR 75MG;INFLUENZA;24000,0;;ENTREGA REALIZADA;2020/06/26 00:00:00.000
NORTE;Rondônia;SES;PORTO VELHO;FOSFATO DE OSELTAMIVIR 75MG;INFLUENZA;30000,0;;ENTREGA REALIZADA;2020/07/02 00:00:00.000
NORTE;Roraima;SES;BOA VISTA;FOSFATO DE OSELTAMIVIR 75MG;INFLUENZA;20000,0;;ENTREGA REALIZADA;2020/06/30 00:00:00.000
NORDESTE;Alagoas;SES;MACEIO;FOSFATO DE OSELTAMIVIR 75MG;INFLUENZA;10000,0;;ENTREGA REALIZADA;2020/06/30 00:00:00.000
NORDESTE;Bahia;SES;SALVADOR;FOSFATO DE OSELTAMIVIR 75MG;INFLUENZA;28000,0;;ENTREGA REALIZADA;2020/06/26 00:00:00.000
NORDESTE;Ceará;SES;FORTALEZA;FOSFATO DE OSELTAMIVIR 75MG;INFLUENZA;30000,0;;ENTREGA REALIZADA;2020/06/26 00:00:00.000
NORDESTE;Paraíba;SES;JOAO PESSOA;FOSFATO DE OSELTAMIVIR 75MG;INFLUENZA;8000,0;;ENTREGA REALIZADA;2020/06/30 00:00:00.000
NORDESTE;Pernambuco;SES;RECIFE;FOSFATO DE OSELTAMIVIR 75MG;INFLUENZA;40000,0;;ENTREGA REALIZADA;2020/06/26 00:00:00.000
NORDESTE;Piauí;SES;TERESINA;FOSFATO DE OSELTAMIVIR 75MG;INFLUENZA;12000,0;;ENTREGA REALIZADA;2020/06/30 00:00:00.000
NORDESTE;Sergipe;SES;ARACAJU;FOSFATO DE OSELTAMIVIR 75MG;INFLUENZA;5000,0;;ENTREGA REALIZADA;2020/06/30 00:00:00.000
SUDESTE;Espírito Santo;SES;VITORIA;FOSFATO DE OSELTAMIVIR 75MG;INFLUENZA;55000,0;;ENTREGA REALIZADA;2020/06/26 00:00:00.000
SUDESTE;Minas Gerais;SES;BELO HORIZNTE;FOSFATO DE OSELTAMIVIR 75MG;INFLUENZA;233000,0;;ENTREGA REALIZADA;2020/06/25 00:00:00.000
SUDESTE;Rio de Janeiro;SES;NITEROI;FOSFATO DE OSELTAMIVIR 75MG;INFLUENZA;82000,0;;ENTREGA REALIZADA;2020/06/26 00:00:00.000
SUL;Paraná;SES;CURITIBA;FOSFATO DE OSELTAMIVIR 75MG;INFLUENZA;300000,0;;ENTREGA REALIZADA;2020/06/29 00:00:00.000
SUL;Santa Catarina;SES;SAO JOSE;FOSFATO DE OSELTAMIVIR 75MG;INFLUENZA;274000,0;;ENTREGA REALIZADA;2020/06/26 00:00:00.000
CENTRO-OESTE;Distrito Federal;SES;BRASILIA;FOSFATO DE OSELTAMIVIR 75MG;INFLUENZA;14000,0;;ENTREGA REALIZADA;2020/06/25 00:00:00.000
CENTRO-OESTE;Goiás;SES;GOIANIA;FOSFATO DE OSELTAMIVIR 75MG;INFLUENZA;14500,0;;ENTREGA REALIZADA;2020/06/26 00:00:00.000
CENTRO-OESTE;Mato Grosso;SES;CAMPO GRANDE;FOSFATO DE OSELTAMIVIR 75MG;INFLUENZA;9500,0;;ENTREGA REALIZADA;2020/06/26 00:00:00.000
CENTRO-OESTE;Mato Grosso do Sul;SES;CUIABA;FOSFATO DE OSELTAMIVIR 75MG;INFLUENZA;10000,0;;ENTREGA REALIZADA;2020/06/29 00:00:00.000
NORTE;AMAZONAS;SAUDE INDIGENA;DSEI MANAUS;FOSFATO DE OSELTAMIVIR 75MG;INFLUENZA;5000,0;;ENTREGA REALIZADA;2020/06/26 00:00:00.000
NORDESTE;ALAGOAS;SAUDE INDIGENA;DSEI ALAGOAS/ SERGIPE;FOSFATO DE OSELTAMIVIR 75MG;INFLUENZA;2000,0;;ENTREGA REALIZADA;2020/06/26 00:00:00.000
NORDESTE;BAHIA;SAUDE INDIGENA;DSEI BAHIA;FOSFATO DE OSELTAMIVIR 75MG;INFLUENZA;6500,0;;ENTREGA REALIZADA;2020/06/30 00:00:00.000
CENTRO-OESTE;MATO GROSSO;SAUDE INDIGENA;DSEI XAVANTE;FOSFATO DE OSELTAMIVIR 75MG;INFLUENZA;2000,0;;ENTREGA REALIZADA;2020/06/29 00:00:00.000
NORTE;PARA;SAUDE INDIGENA;DSEI ALTAMIRA;FOSFATO DE OSELTAMIVIR 75MG;INFLUENZA;4000,0;;ENTREGA REALIZADA;2020/06/29 00:00:00.000
NORTE;Acre;SAUDE INDIGENA;DSEI ALTO RIO JURUA;FOSFATO DE OSELTAMIVIR 75MG;INFLUENZA;4500,0;;ENTREGA REALIZADA;2020/07/07 00:00:00.000
NORTE;PARA;SAUDE INDIGENA;DSEI RIO TAPAJOS;FOSFATO DE OSELTAMIVIR 75MG;INFLUENZA;1000,0;;ENTREGA REALIZADA;2020/06/30 00:00:00.000
NORTE;AMAZONAS;SAUDE INDIGENA;DSEI MEDIO RIO SOLIMOES;FOSFATO DE OSELTAMIVIR 75MG;INFLUENZA;4500,0;;ENTREGA REALIZADA;2020/07/06 00:00:00.000
NORTE;AMAPA;SAUDE INDIGENA;DSEI AMAPA E NORTE DO PARA;FOSFATO DE OSELTAMIVIR 75MG;INFLUENZA;9000,0;;ENTREGA REALIZADA;2020/06/29 00:00:00.000
NORTE;PARA;SAUDE INDIGENA;DSEI GUAMA TOCANTINS;FOSFATO DE OSELTAMIVIR 75MG;INFLUENZA;4000,0;;ENTREGA REALIZADA;2020/06/26 00:00:00.000
NORDESTE;CEARA;SAUDE INDIGENA;DSEI CEARA;FOSFATO DE OSELTAMIVIR 75MG;INFLUENZA;4000,0;;ENTREGA REALIZADA;2020/06/26 00:00:00.000
NORTE;Rondônia;SAUDE INDIGENA;DSEI PORTO VELHO;FOSFATO DE OSELTAMIVIR 75MG;INFLUENZA;5000,0;;ENTREGA REALIZADA;2020/07/02 00:00:00.000
SUL;PARANA;SAUDE INDIGENA;DSEI LITORAL SUL;FOSFATO DE OSELTAMIVIR 75MG;INFLUENZA;500,0;;ENTREGA REALIZADA;2020/06/29 00:00:00.000
NORTE;Acre;SES;RIO BRANCO;FOSFATO DE OSELTAMIVIR 75MG;INFLUENZA;5500,0;;ENTREGA REALIZADA;2020/03/25 00:00:00.000
NORTE;Acre;SES;RIO BRANCO;FOSFATO DE OSELTAMIVIR 75MG;INFLUENZA;5000,0;;ENTREGA REALIZADA;2020/05/08 00:00:00.000
NORTE;Acre;SAUDE INDIGENA;Distrito Sanitário Indígena/DSEI - Alto Rio Juruá;FOSFATO DE OSELTAMIVIR 75MG;INFLUENZA;3000,0;;ENTREGA REALIZADA;2020/04/27 00:00:00.000
NORTE;AMAZONAS;SES;MANAUS;FOSFATO DE OSELTAMIVIR 75MG;INFLUENZA;12000,0;;ENTREGA REALIZADA;2020/02/04 00:00:00.000
NORTE;AMAZONAS;SES;MANAUS;FOSFATO DE OSELTAMIVIR 75MG;INFLUENZA;30000,0;;ENTREGA REALIZADA;2020/02/06 00:00:00.000
NORTE;AMAZONAS;SES;MANAUS;FOSFATO DE OSELTAMIVIR 75MG;INFLUENZA;60000,0;;ENTREGA REALIZADA;2020/04/28 00:00:00.000
NORTE;AMAZONAS;SMS;MANAUS;FOSFATO DE OSELTAMIVIR 75MG;INFLUENZA;70000,0;;ENTREGA REALIZADA;2020/04/30 00:00:00.000
NORTE;AMAZONAS;SAUDE INDIGENA;Distrito Sanitário Especial Indígena - Manaus/Amazonas;FOSFATO DE OSELTAMIVIR 75MG;INFLUENZA;5000,0;;ENTREGA REALIZADA;2020/04/03 00:00:00.000
NORTE;AMAZONAS;SAUDE INDIGENA;Distrito Sanitário Especial Indígena - Manaus/Amazonas;FOSFATO DE OSELTAMIVIR 75MG;INFLUENZA;4000,0;;ENTREGA REALIZADA;2020/05/08 00:00:00.000
NORTE;AMAPA;SES;MACAPA;FOSFATO DE OSELTAMIVIR 75MG;INFLUENZA;7000,0;;ENTREGA REALIZADA;2020/05/01 00:00:00.000
NORTE;PARA;SES;MARITUBA;FOSFATO DE OSELTAMIVIR 75MG;INFLUENZA;4000,0;;ENTREGA REALIZADA;2020/03/20 00:00:00.000
NORTE;PARA;SES;MARITUBA;FOSFATO DE OSELTAMIVIR 75MG;INFLUENZA;5500,0;;ENTREGA REALIZADA;2020/03/26 00:00:00.000
NORTE;PARA;SES;MARITUBA;FOSFATO DE OSELTAMIVIR 75MG;INFLUENZA;7000,0;;ENTREGA REALIZADA;2020/04/24 00:00:00.000
NORTE;PARA;SES;MARITUBA;FOSFATO DE OSELTAMIVIR 75MG;INFLUENZA;30000,0;;ENTREGA REALIZADA;2020/05/12 00:00:00.000
NORTE;PARA;SAUDE INDIGENA;DSEI Altamira;FOSFATO DE OSELTAMIVIR 75MG;INFLUENZA;3000,0;;ENTREGA REALIZADA;2020/04/30 00:00:00.000
NORTE;PARA;SAUDE INDIGENA;DSEI Guama-Tocantins/PA;FOSFATO DE OSELTAMIVIR 75MG;INFLUENZA;2500,0;;ENTREGA REALIZADA;2020/03/31 00:00:00.000
NORTE;Rondônia;SES;PORTO VELHO;FOSFATO DE OSELTAMIVIR 75MG;INFLUENZA;3500,0;;ENTREGA REALIZADA;2020/01/20 00:00:00.000
NORTE;Rondônia;SES;PORTO VELHO;FOSFATO DE OSELTAMIVIR 75MG;INFLUENZA;4000,0;;ENTREGA REALIZADA;2020/03/23 00:00:00.000
NORTE;Rondônia;SES;PORTO VELHO;FOSFATO DE OSELTAMIVIR 75MG;INFLUENZA;12000,0;;ENTREGA REALIZADA;2020/04/28 00:00:00.000
NORTE;Rondônia;SAUDE INDIGENA;Distrito Sanitário Especial Indígena Porto Velho;FOSFATO DE OSELTAMIVIR 75MG;INFLUENZA;3000,0;;ENTREGA REALIZADA;2020/04/06 00:00:00.000
NORTE;Rondônia;SAUDE INDIGENA;DSEI VILHENA;FOSFATO DE OSELTAMIVIR 75MG;INFLUENZA;2500,0;;ENTREGA REALIZADA;2020/04/02 00:00:00.000
NORTE;RORAIMA;SES;BOA VISTA;FOSFATO DE OSELTAMIVIR 75MG;INFLUENZA;2000,0;;ENTREGA REALIZADA;2020/01/29 00:00:00.000
NORTE;RORAIMA;SES;BOA VISTA;FOSFATO DE OSELTAMIVIR 75MG;INFLUENZA;500,0;;ENTREGA REALIZADA;2020/03/25 00:00:00.000
NORTE;RORAIMA;SES;BOA VISTA;FOSFATO DE OSELTAMIVIR 75MG;INFLUENZA;10000,0;;ENTREGA REALIZADA;2020/04/27 00:00:00.000
NORTE;RORAIMA;SAUDE INDIGENA;Distrito Sanitário Especial Indígena YANOMAMI;FOSFATO DE OSELTAMIVIR 75MG;INFLUENZA;6500,0;;ENTREGA REALIZADA;2020/05/14 00:00:00.000
NORTE;Tocantins;SES;PALMAS;FOSFATO DE OSELTAMIVIR 75MG;INFLUENZA;3000,0;;ENTREGA REALIZADA;2020/01/17 00:00:00.000
NORTE;Tocantins;SES;PALMAS;FOSFATO DE OSELTAMIVIR 75MG;INFLUENZA;5000,0;;ENTREGA REALIZADA;2020/04/06 00:00:00.000
NORDESTE;ALAGOAS;SES;MACEIO;FOSFATO DE OSELTAMIVIR 75MG;INFLUENZA;20000,0;;ENTREGA REALIZADA;2020/04/13 00:00:00.000
NORDESTE;ALAGOAS;SES;MACEIO;FOSFATO DE OSELTAMIVIR 75MG;INFLUENZA;10000,0;;ENTREGA REALIZADA;2020/05/08 00:00:00.000
NORDESTE;ALAGOAS;SAUDE INDIGENA;Distrito Sanitário Especial Indígena de Alagoas e Sergipe;FOSFATO DE OSELTAMIVIR 75MG;INFLUENZA;2000,0;;ENTREGA REALIZADA;2020/04/17 00:00:00.000
NORDESTE;BAHIA;SES;SALVADOR;FOSFATO DE OSELTAMIVIR 75MG;INFLUENZA;35000,0;;ENTREGA REALIZADA;2020/03/23 00:00:00.000
NORDESTE;BAHIA;SES;SALVADOR;FOSFATO DE OSELTAMIVIR 75MG;INFLUENZA;23000,0;;ENTREGA REALIZADA;2020/04/06 00:00:00.000
NORDESTE;BAHIA;SES;SALVADOR;FOSFATO DE OSELTAMIVIR 75MG;INFLUENZA;30000,0;;ENTREGA REALIZADA;2020/05/13 00:00:00.000
NORDESTE;BAHIA;SAUDE INDIGENA;Distrito Sanitário Especial Indígena - Bahia;FOSFATO DE OSELTAMIVIR 75MG;INFLUENZA;5000,0;;ENTREGA REALIZADA;2020/04/27 00:00:00.000
NORDESTE;CEARA;SES;FORTALEZA;FOSFATO DE OSELTAMIVIR 75MG;INFLUENZA;3000,0;;ENTREGA REALIZADA;2020/01/28 00:00:00.000
NORDESTE;CEARA;SES;FORTALEZA;FOSFATO DE OSELTAMIVIR 75MG;INFLUENZA;10000,0;;ENTREGA REALIZADA;2020/02/26 00:00:00.000
NORDESTE;CEARA;SES;FORTALEZA;FOSFATO DE OSELTAMIVIR 75MG;INFLUENZA;15000,0;;ENTREGA REALIZADA;2020/03/05 00:00:00.000
NORDESTE;CEARA;SES;FORTALEZA;FOSFATO DE OSELTAMIVIR 75MG;INFLUENZA;28500,0;;ENTREGA REALIZADA;2020/03/25 00:00:00.000
NORDESTE;CEARA;SES;FORTALEZA;FOSFATO DE OSELTAMIVIR 75MG;INFLUENZA;56500,0;;ENTREGA REALIZADA;2020/04/04 00:00:00.000
NORDESTE;CEARA;SES;FORTALEZA;FOSFATO DE OSELTAMIVIR 75MG;INFLUENZA;50000,0;;ENTREGA REALIZADA;2020/04/26 00:00:00.000
NORDESTE;CEARA;SES;FORTALEZA;FOSFATO DE OSELTAMIVIR 75MG;INFLUENZA;30000,0;;ENTREGA REALIZADA;2020/05/13 00:00:00.000
NORDESTE;CEARA;SAUDE INDIGENA;DSEI CEARA;FOSFATO DE OSELTAMIVIR 75MG;INFLUENZA;2000,0;;ENTREGA REALIZADA;2020/05/06 00:00:00.000
NORDESTE;MARANHAO;SES;SAO LUIZ;FOSFATO DE OSELTAMIVIR 75MG;INFLUENZA;5000,0;;ENTREGA REALIZADA;2020/04/13 00:00:00.000
NORDESTE;MARANHAO;SES;SAO LUIZ;FOSFATO DE OSELTAMIVIR 75MG;INFLUENZA;20000,0;;ENTREGA REALIZADA;2020/05/11 00:00:00.000
NORDESTE;PARAIBA;SES;JOAO PESSOA;FOSFATO DE OSELTAMIVIR 75MG;INFLUENZA;12000,0;;ENTREGA REALIZADA;2020/03/23 00:00:00.000
NORDESTE;PARAIBA;SES;JOAO PESSOA;FOSFATO DE OSELTAMIVIR 75MG;INFLUENZA;3000,0;;ENTREGA REALIZADA;2020/04/15 00:00:00.000
NORDESTE;PARAIBA;SES;JOAO PESSOA;FOSFATO DE OSELTAMIVIR 75MG;INFLUENZA;10000,0;;ENTREGA REALIZADA;2020/05/08 00:00:00.000
NORDESTE;PERNAMBUCO;SES;RECIFE;FOSFATO DE OSELTAMIVIR 75MG;INFLUENZA;16000,0;;ENTREGA REALIZADA;2020/04/16 00:00:00.000
NORDESTE;PERNAMBUCO;SES;RECIFE;FOSFATO DE OSELTAMIVIR 75MG;INFLUENZA;40000,0;;ENTREGA REALIZADA;2020/04/27 00:00:00.000
NORDESTE;PIAUI;SES;TERESINA;FOSFATO DE OSELTAMIVIR 75MG;INFLUENZA;500,0;;ENTREGA REALIZADA;2020/01/20 00:00:00.000
NORDESTE;PIAUI;SES;TERESINA;FOSFATO DE OSELTAMIVIR 75MG;INFLUENZA;3000,0;;ENTREGA REALIZADA;2020/03/23 00:00:00.000
NORDESTE;PIAUI;SES;TERESINA;FOSFATO DE OSELTAMIVIR 75MG;INFLUENZA;20000,0;;ENTREGA REALIZADA;2020/04/27 00:00:00.000
NORDESTE;PIAUI;SES;TERESINA;FOSFATO DE OSELTAMIVIR 75MG;INFLUENZA;20000,0;;ENTREGA REALIZADA;2020/05/14 00:00:00.000
NORDESTE;RIO GRANDE DO NORTE;SES;NATAL;FOSFATO DE OSELTAMIVIR 75MG;INFLUENZA;3500,0;;ENTREGA REALIZADA;2020/01/22 00:00:00.000
NORDESTE;RIO GRANDE DO NORTE;SES;NATAL;FOSFATO DE OSELTAMIVIR 75MG;INFLUENZA;7500,0;;ENTREGA REALIZADA;2020/03/23 00:00:00.000
NORDESTE;RIO GRANDE DO NORTE;SES;NATAL;FOSFATO DE OSELTAMIVIR 75MG;INFLUENZA;28000,0;;ENTREGA REALIZADA;2020/04/16 00:00:00.000
NORDESTE;RIO GRANDE DO NORTE;SES;NATAL;FOSFATO DE OSELTAMIVIR 75MG;INFLUENZA;10000,0;;ENTREGA REALIZADA;2020/05/13 00:00:00.000
NORDESTE;SERGIPE;SES;ARACAJU;FOSFATO DE OSELTAMIVIR 75MG;INFLUENZA;4000,0;;ENTREGA REALIZADA;2020/01/20 00:00:00.000
NORDESTE;SERGIPE;SES;ARACAJU;FOSFATO DE OSELTAMIVIR 75MG;INFLUENZA;1500,0;;ENTREGA REALIZADA;2020/03/23 00:00:00.000
NORDESTE;SERGIPE;SES;ARACAJU;FOSFATO DE OSELTAMIVIR 75MG;INFLUENZA;10000,0;;ENTREGA REALIZADA;2020/05/08 00:00:00.000
CENTRO-OESTE;DISTRITO FEDERAL;SES;BRASILIA;FOSFATO DE OSELTAMIVIR 75MG;INFLUENZA;5500,0;;ENTREGA REALIZADA;2020/01/22 00:00:00.000
CENTRO-OESTE;DISTRITO FEDERAL;SES;BRASILIA;FOSFATO DE OSELTAMIVIR 75MG;INFLUENZA;7500,0;;ENTREGA REALIZADA;2020/02/24 00:00:00.000
CENTRO-OESTE;DISTRITO FEDERAL;SES;BRASILIA;FOSFATO DE OSELTAMIVIR 75MG;INFLUENZA;20000,0;;ENTREGA REALIZADA;2020/04/23 00:00:00.000
CENTRO-OESTE;GOIAS;SES;GOIANIA;FOSFATO DE OSELTAMIVIR 75MG;INFLUENZA;8000,0;;ENTREGA REALIZADA;2020/01/22 00:00:00.000
CENTRO-OESTE;GOIAS;SES;GOIANIA;FOSFATO DE OSELTAMIVIR 75MG;INFLUENZA;13000,0;;ENTREGA REALIZADA;2020/03/23 00:00:00.000
CENTRO-OESTE;GOIAS;SES;GOIANIA;FOSFATO DE OSELTAMIVIR 75MG;INFLUENZA;7000,0;;ENTREGA REALIZADA;2020/04/27 00:00:00.000
CENTRO-OESTE;MATO GROSSO;SES;CUIABA;FOSFATO DE OSELTAMIVIR 75MG;INFLUENZA;18500,0;;ENTREGA REALIZADA;2020/01/20 00:00:00.000
CENTRO-OESTE;MATO GROSSO;SES;CUIABA;FOSFATO DE OSELTAMIVIR 75MG;INFLUENZA;9500,0;;ENTREGA REALIZADA;2020/03/23 00:00:00.000
CENTRO-OESTE;MATO GROSSO;SES;CUIABA;FOSFATO DE OSELTAMIVIR 75MG;INFLUENZA;5000,0;;ENTREGA REALIZADA;2020/04/30 00:00:00.000
CENTRO-OESTE;MATO GROSSO;SAUDE INDIGENA;Distrito Sanitário Especial Indigena XAVANTE;FOSFATO DE OSELTAMIVIR 75MG;INFLUENZA;2000,0;;ENTREGA REALIZADA;2020/04/29 00:00:00.000
CENTRO-OESTE;MATO GROSSO DO SUL;SES;CAMPO GRANDE;FOSFATO DE OSELTAMIVIR 75MG;INFLUENZA;5000,0;;ENTREGA REALIZADA;2020/04/27 00:00:00.000
CENTRO-OESTE;MATO GROSSO DO SUL;SAUDE INDIGENA;Distrito Sanitário Especial Indígena de Mato Grosso do Sul;FOSFATO DE OSELTAMIVIR 75MG;INFLUENZA;5500,0;;ENTREGA REALIZADA;2020/04/27 00:00:00.000
SUL;PARANA;SES;CURITIBA;FOSFATO DE OSELTAMIVIR 75MG;INFLUENZA;184500,0;;ENTREGA REALIZADA;2020/01/23 00:00:00.000
SUL;PARANA;SES;CURITIBA;FOSFATO DE OSELTAMIVIR 75MG;INFLUENZA;499500,0;;ENTREGA REALIZADA;2020/03/25 00:00:00.000
SUL;PARANA;SES;CURITIBA;FOSFATO DE OSELTAMIVIR 75MG;INFLUENZA;60000,0;;ENTREGA REALIZADA;2020/04/27 00:00:00.000
SUL;SANTA CATARINA;SES;SAO JOSE;FOSFATO DE OSELTAMIVIR 75MG;INFLUENZA;422500,0;;ENTREGA REALIZADA;2020/02/10 00:00:00.000
SUL;SANTA CATARINA;SES;SAO JOSE;FOSFATO DE OSELTAMIVIR 75MG;INFLUENZA;445500,0;;ENTREGA REALIZADA;2020/03/20 00:00:00.000
SUL;SANTA CATARINA;SES;SAO JOSE;FOSFATO DE OSELTAMIVIR 75MG;INFLUENZA;60000,0;;ENTREGA REALIZADA;2020/04/23 00:00:00.000
SUL;SANTA CATARINA;SAUDE INDIGENA;DSEI INTERIOR SUL - SAO JOSE;FOSFATO DE OSELTAMIVIR 75MG;INFLUENZA;2000,0;;ENTREGA REALIZADA;2020/05/07 00:00:00.000
SUL;Rio Grande do Sul;SES;PORTO ALEGRE;FOSFATO DE OSELTAMIVIR 75MG;INFLUENZA;79000,0;;ENTREGA REALIZADA;2020/01/29 00:00:00.000
SUL;Rio Grande do Sul;SES;PORTO ALEGRE;FOSFATO DE OSELTAMIVIR 75MG;INFLUENZA;678000,0;;ENTREGA REALIZADA;2020/04/01 00:00:00.000
SUL;Rio Grande do Sul;SES;PORTO ALEGRE;FOSFATO DE OSELTAMIVIR 75MG;INFLUENZA;60000,0;;ENTREGA REALIZADA;2020/04/27 00:00:00.000
SUDESTE;ESPIRITO SANTO;SES;VITORIA;FOSFATO DE OSELTAMIVIR 75MG;INFLUENZA;3500,0;;ENTREGA REALIZADA;2020/01/20 00:00:00.000
SUDESTE;ESPIRITO SANTO;SES;VITORIA;FOSFATO DE OSELTAMIVIR 75MG;INFLUENZA;9000,0;;ENTREGA REALIZADA;2020/03/23 00:00:00.000
SUDESTE;ESPIRITO SANTO;SES;VITORIA;FOSFATO DE OSELTAMIVIR 75MG;INFLUENZA;21000,0;;ENTREGA REALIZADA;2020/04/02 00:00:00.000
SUDESTE;ESPIRITO SANTO;SES;VITORIA;FOSFATO DE OSELTAMIVIR 75MG;INFLUENZA;40000,0;;ENTREGA REALIZADA;2020/05/08 00:00:00.000
SUDESTE;MINAS GERAIS;SES;BELO HORIZONTE;FOSFATO DE OSELTAMIVIR 75MG;INFLUENZA;17500,0;;ENTREGA REALIZADA;2020/01/21 00:00:00.000
SUDESTE;MINAS GERAIS;SES;BELO HORIZONTE;FOSFATO DE OSELTAMIVIR 75MG;INFLUENZA;173000,0;;ENTREGA REALIZADA;2020/03/25 00:00:00.000
SUDESTE;MINAS GERAIS;SES;BELO HORIZONTE;FOSFATO DE OSELTAMIVIR 75MG;INFLUENZA;50000,0;;ENTREGA REALIZADA;2020/04/29 00:00:00.000
SUDESTE;MINAS GERAIS;SAUDE INDIGENA;Distrito Sanitário Especial Indígena de MG/ES;FOSFATO DE OSELTAMIVIR 75MG;INFLUENZA;4000,0;;ENTREGA REALIZADA;2020/05/08 00:00:00.000
SUDESTE;RIO DE JANEIRO;SES;NITEROI;FOSFATO DE OSELTAMIVIR 75MG;INFLUENZA;41500,0;;ENTREGA REALIZADA;2020/01/29 00:00:00.000
SUDESTE;RIO DE JANEIRO;SES;NITEROI;FOSFATO DE OSELTAMIVIR 75MG;INFLUENZA;35500,0;;ENTREGA REALIZADA;2020/04/23 00:00:00.000
SUDESTE;RIO DE JANEIRO;SES;NITEROI;FOSFATO DE OSELTAMIVIR 75MG;INFLUENZA;45000,0;;ENTREGA REALIZADA;2020/04/30 00:00:00.000
SUDESTE;SAO PAULO;SES;SAO PAULO;FOSFATO DE OSELTAMIVIR 75MG;INFLUENZA;131500,0;;ENTREGA REALIZADA;2020/01/31 00:00:00.000
SUDESTE;SAO PAULO;SES;SAO PAULO;FOSFATO DE OSELTAMIVIR 75MG;INFLUENZA;590000,0;;ENTREGA REALIZADA;2020/03/25 00:00:00.000
SUDESTE;SAO PAULO;SES;SAO PAULO;FOSFATO DE OSELTAMIVIR 75MG;INFLUENZA;270000,0;;ENTREGA REALIZADA;2020/04/28 00:00:00.000
NORTE;Acre;SES;RIO BRANCO;FOSFATO DE OSELTAMIVIR 45MG;INFLUENZA;8000,0;;ENTREGA REALIZADA;2020/01/21 00:00:00.000
NORTE;Acre;SAUDE INDIGENA;Distrito Sanitário Indígena/DSEI - Alto Rio Juruá;FOSFATO DE OSELTAMIVIR 45MG;INFLUENZA;3000,0;;ENTREGA REALIZADA;2020/06/04 00:00:00.000
NORTE;AMAZONAS;SES;MANAUS;FOSFATO DE OSELTAMIVIR 45MG;INFLUENZA;5000,0;;ENTREGA REALIZADA;2020/01/22 00:00:00.000
NORTE;AMAZONAS;SES;MANAUS;FOSFATO DE OSELTAMIVIR 45MG;INFLUENZA;2000,0;;ENTREGA REALIZADA;2020/02/25 00:00:00.000
NORTE;AMAZONAS;SES;MANAUS;FOSFATO DE OSELTAMIVIR 45MG;INFLUENZA;20000,0;;ENTREGA REALIZADA;2020/04/03 00:00:00.000
NORTE;AMAPA;SES;MACAPA;FOSFATO DE OSELTAMIVIR 45MG;INFLUENZA;500,0;;ENTREGA REALIZADA;2020/01/20 00:00:00.000
NORTE;PARA;SES;MARITUBA;FOSFATO DE OSELTAMIVIR 45MG;INFLUENZA;2500,0;;ENTREGA REALIZADA;2020/01/20 00:00:00.000
NORTE;PARA;SES;MARITUBA;FOSFATO DE OSELTAMIVIR 45MG;INFLUENZA;4000,0;;ENTREGA REALIZADA;2020/03/20 00:00:00.000
NORTE;PARA;SES;MARITUBA;FOSFATO DE OSELTAMIVIR 45MG;INFLUENZA;2000,0;;ENTREGA REALIZADA;2020/03/26 00:00:00.000
NORTE;PARA;SAUDE INDIGENA;DSEI Altamira;FOSFATO DE OSELTAMIVIR 45MG;INFLUENZA;2000,0;;ENTREGA REALIZADA;2020/04/22 00:00:00.000
NORTE;PARA;SAUDE INDIGENA;DSEI Guama-Tocantins/PA;FOSFATO DE OSELTAMIVIR 45MG;INFLUENZA;2000,0;;ENTREGA REALIZADA;2020/03/31 00:00:00.000
NORTE;Rondônia;SES;PORTO VELHO;FOSFATO DE OSELTAMIVIR 45MG;INFLUENZA;1500,0;;ENTREGA REALIZADA;2020/01/20 00:00:00.000
NORTE;Rondônia;SES;PORTO VELHO;FOSFATO DE OSELTAMIVIR 45MG;INFLUENZA;1500,0;;ENTREGA REALIZADA;2020/03/23 00:00:00.000
NORTE;Rondônia;SES;PORTO VELHO;FOSFATO DE OSELTAMIVIR 45MG;INFLUENZA;10000,0;;ENTREGA REALIZADA;2020/04/15 00:00:00.000
NORTE;Rondônia;SAUDE INDIGENA;Distrito Sanitário Especial Indígena Porto Velho;FOSFATO DE OSELTAMIVIR 45MG;INFLUENZA;1500,0;;ENTREGA REALIZADA;2020/04/20 00:00:00.000
NORTE;Rondônia;SAUDE INDIGENA;DSEI VILHENA;FOSFATO DE OSELTAMIVIR 45MG;INFLUENZA;2000,0;;ENTREGA REALIZADA;2020/04/24 00:00:00.000
NORTE;Tocantins;SES;PALMAS;FOSFATO DE OSELTAMIVIR 45MG;INFLUENZA;2000,0;;ENTREGA REALIZADA;2020/01/17 00:00:00.000
NORDESTE;ALAGOAS;SES;MACEIO;FOSFATO DE OSELTAMIVIR 45MG;INFLUENZA;20000,0;;ENTREGA REALIZADA;2020/04/14 00:00:00.000
NORDESTE;BAHIA;SES;SALVADOR;FOSFATO DE OSELTAMIVIR 45MG;INFLUENZA;4500,0;;ENTREGA REALIZADA;2020/01/24 00:00:00.000
NORDESTE;BAHIA;SES;SALVADOR;FOSFATO DE OSELTAMIVIR 45MG;INFLUENZA;10500,0;;ENTREGA REALIZADA;2020/03/23 00:00:00.000
NORDESTE;BAHIA;SES;SALVADOR;FOSFATO DE OSELTAMIVIR 45MG;INFLUENZA;13000,0;;ENTREGA REALIZADA;2020/04/13 00:00:00.000
NORDESTE;CEARA;SES;FORTALEZA;FOSFATO DE OSELTAMIVIR 45MG;INFLUENZA;5000,0;;ENTREGA REALIZADA;2020/01/28 00:00:00.000
NORDESTE;CEARA;SES;FORTALEZA;FOSFATO DE OSELTAMIVIR 45MG;INFLUENZA;5000,0;;ENTREGA REALIZADA;2020/03/25 00:00:00.000
NORDESTE;CEARA;SES;FORTALEZA;FOSFATO DE OSELTAMIVIR 45MG;INFLUENZA;40500,0;;ENTREGA REALIZADA;2020/04/13 00:00:00.000
NORDESTE;CEARA;SAUDE INDIGENA;DSEI CEARA;FOSFATO DE OSELTAMIVIR 45MG;INFLUENZA;2000,0;;ENTREGA REALIZADA;2020/04/15 00:00:00.000
NORDESTE;MARANHAO;SES;SAO LUIZ;FOSFATO DE OSELTAMIVIR 45MG;INFLUENZA;1000,0;;ENTREGA REALIZADA;2020/03/23 00:00:00.000
NORDESTE;MARANHAO;SES;SAO LUIZ;FOSFATO DE OSELTAMIVIR 45MG;INFLUENZA;5000,0;;ENTREGA REALIZADA;2020/04/13 00:00:00.000
NORDESTE;PARAIBA;SES;JOAO PESSOA;FOSFATO DE OSELTAMIVIR 45MG;INFLUENZA;4500,0;;ENTREGA REALIZADA;2020/03/23 00:00:00.000
NORDESTE;PARAIBA;SES;JOAO PESSOA;FOSFATO DE OSELTAMIVIR 45MG;INFLUENZA;5000,0;;ENTREGA REALIZADA;2020/04/14 00:00:00.000
NORDESTE;PERNAMBUCO;SES;RECIFE;FOSFATO DE OSELTAMIVIR 45MG;INFLUENZA;1000,0;;ENTREGA REALIZADA;2020/01/28 00:00:00.000
NORDESTE;PERNAMBUCO;SES;RECIFE;FOSFATO DE OSELTAMIVIR 45MG;INFLUENZA;4000,0;;ENTREGA REALIZADA;2020/03/25 00:00:00.000
NORDESTE;PIAUI;SES;TERESINA;FOSFATO DE OSELTAMIVIR 45MG;INFLUENZA;7500,0;;ENTREGA REALIZADA;2020/01/20 00:00:00.000
NORDESTE;PIAUI;SES;TERESINA;FOSFATO DE OSELTAMIVIR 45MG;INFLUENZA;4000,0;;ENTREGA REALIZADA;2020/03/23 00:00:00.000
NORDESTE;PIAUI;SES;TERESINA;FOSFATO DE OSELTAMIVIR 45MG;INFLUENZA;9000,0;;ENTREGA REALIZADA;2020/04/13 00:00:00.000
NORDESTE;RIO GRANDE DO NORTE;SES;NATAL;FOSFATO DE OSELTAMIVIR 45MG;INFLUENZA;1000,0;;ENTREGA REALIZADA;2020/01/22 00:00:00.000
NORDESTE;RIO GRANDE DO NORTE;SES;NATAL;FOSFATO DE OSELTAMIVIR 45MG;INFLUENZA;500,0;;ENTREGA REALIZADA;2020/03/23 00:00:00.000
NORDESTE;RIO GRANDE DO NORTE;SES;NATAL;FOSFATO DE OSELTAMIVIR 45MG;INFLUENZA;3000,0;;ENTREGA REALIZADA;2020/04/14 00:00:00.000
NORDESTE;SERGIPE;SES;ARACAJU;FOSFATO DE OSELTAMIVIR 45MG;INFLUENZA;2000,0;;ENTREGA REALIZADA;2020/01/20 00:00:00.000
CENTRO-OESTE;DISTRITO FEDERAL;SES;BRASILIA;FOSFATO DE OSELTAMIVIR 45MG;INFLUENZA;5000,0;;ENTREGA REALIZADA;2020/01/22 00:00:00.000
CENTRO-OESTE;DISTRITO FEDERAL;SES;BRASILIA;FOSFATO DE OSELTAMIVIR 45MG;INFLUENZA;3500,0;;ENTREGA REALIZADA;2020/02/24 00:00:00.000
CENTRO-OESTE;GOIAS;SES;GOIANIA;FOSFATO DE OSELTAMIVIR 45MG;INFLUENZA;5000,0;;ENTREGA REALIZADA;2020/01/20 00:00:00.000
CENTRO-OESTE;GOIAS;SES;GOIANIA;FOSFATO DE OSELTAMIVIR 45MG;INFLUENZA;3500,0;;ENTREGA REALIZADA;2020/03/23 00:00:00.000
CENTRO-OESTE;MATO GROSSO;SES;CUIABA;FOSFATO DE OSELTAMIVIR 45MG;INFLUENZA;11000,0;;ENTREGA REALIZADA;2020/01/20 00:00:00.000
CENTRO-OESTE;MATO GROSSO;SES;CUIABA;FOSFATO DE OSELTAMIVIR 45MG;INFLUENZA;9500,0;;ENTREGA REALIZADA;2020/03/23 00:00:00.000
CENTRO-OESTE;MATO GROSSO;SAUDE INDIGENA;Distrito Sanitário Especial Indigena XAVANTE;FOSFATO DE OSELTAMIVIR 45MG;INFLUENZA;2000,0;;ENTREGA REALIZADA;2020/02/24 00:00:00.000
CENTRO-OESTE;MATO GROSSO DO SUL;SES;CAMPO GRANDE;FOSFATO DE OSELTAMIVIR 45MG;INFLUENZA;6500,0;;ENTREGA REALIZADA;2020/01/22 00:00:00.000
CENTRO-OESTE;MATO GROSSO DO SUL;SES;CAMPO GRANDE;FOSFATO DE OSELTAMIVIR 45MG;INFLUENZA;8000,0;;ENTREGA REALIZADA;2020/03/24 00:00:00.000
CENTRO-OESTE;MATO GROSSO DO SUL;SAUDE INDIGENA;Distrito Sanitário Especial Indígena de Mato Grosso do Sul;FOSFATO DE OSELTAMIVIR 45MG;INFLUENZA;7000,0;;ENTREGA REALIZADA;2020/04/13 00:00:00.000
SUL;PARANA;SES;CURITIBA;FOSFATO DE OSELTAMIVIR 45MG;INFLUENZA;50500,0;;ENTREGA REALIZADA;2020/03/25 00:00:00.000
SUL;PARANA;SES;CURITIBA;FOSFATO DE OSELTAMIVIR 45MG;INFLUENZA;30000,0;;ENTREGA REALIZADA;2020/04/13 00:00:00.000
SUL;PARANA;SES;CURITIBA;FOSFATO DE OSELTAMIVIR 45MG;INFLUENZA;7000,0;;ENTREGA REALIZADA;2020/04/03 00:00:00.000
SUL;SANTA CATARINA;SES;SAO JOSE;FOSFATO DE OSELTAMIVIR 45MG;INFLUENZA;41500,0;;ENTREGA REALIZADA;2020/02/10 00:00:00.000
SUL;SANTA CATARINA;SES;SAO JOSE;FOSFATO DE OSELTAMIVIR 45MG;INFLUENZA;23500,0;;ENTREGA REALIZADA;2020/03/20 00:00:00.000
SUL;SANTA CATARINA;SES;SAO JOSE;FOSFATO DE OSELTAMIVIR 45MG;INFLUENZA;30000,0;;ENTREGA REALIZADA;2020/04/14 00:00:00.000
SUL;SANTA CATARINA;SES;SAO JOSE;FOSFATO DE OSELTAMIVIR 45MG;INFLUENZA;22500,0;;ENTREGA REALIZADA;2020/04/03 00:00:00.000
SUL;Rio Grande do Sul;SES;PORTO ALEGRE;FOSFATO DE OSELTAMIVIR 45MG;INFLUENZA;57000,0;;ENTREGA REALIZADA;2020/04/01 00:00:00.000
SUL;Rio Grande do Sul;SES;PORTO ALEGRE;FOSFATO DE OSELTAMIVIR 45MG;INFLUENZA;38000,0;;ENTREGA REALIZADA;2020/04/03 00:00:00.000
SUDESTE;ESPIRITO SANTO;SES;VITORIA;FOSFATO DE OSELTAMIVIR 45MG;INFLUENZA;3500,0;;ENTREGA REALIZADA;2020/01/20 00:00:00.000
SUDESTE;ESPIRITO SANTO;SES;VITORIA;FOSFATO DE OSELTAMIVIR 45MG;INFLUENZA;2000,0;;ENTREGA REALIZADA;2020/03/23 00:00:00.000
SUDESTE;ESPIRITO SANTO;SES;VITORIA;FOSFATO DE OSELTAMIVIR 45MG;INFLUENZA;5000,0;;ENTREGA REALIZADA;2020/04/13 00:00:00.000
SUDESTE;MINAS GERAIS;SES;BELO HORIZONTE;FOSFATO DE OSELTAMIVIR 45MG;INFLUENZA;41000,0;;ENTREGA REALIZADA;2020/01/21 00:00:00.000
SUDESTE;MINAS GERAIS;SES;BELO HORIZONTE;FOSFATO DE OSELTAMIVIR 45MG;INFLUENZA;95000,0;;ENTREGA REALIZADA;2020/03/25 00:00:00.000
SUDESTE;MINAS GERAIS;SES;BELO HORIZONTE;FOSFATO DE OSELTAMIVIR 45MG;INFLUENZA;25000,0;;ENTREGA REALIZADA;2020/04/13 00:00:00.000
SUDESTE;RIO DE JANEIRO;SES;NITEROI;FOSFATO DE OSELTAMIVIR 45MG;INFLUENZA;16000,0;;ENTREGA REALIZADA;2020/01/29 00:00:00.000
SUDESTE;RIO DE JANEIRO;SES;NITEROI;FOSFATO DE OSELTAMIVIR 45MG;INFLUENZA;39000,0;;ENTREGA REALIZADA;2020/04/16 00:00:00.000
SUDESTE;SAO PAULO;SES;SAO PAULO;FOSFATO DE OSELTAMIVIR 45MG;INFLUENZA;133500,0;;ENTREGA REALIZADA;2020/01/31 00:00:00.000
SUDESTE;SAO PAULO;SES;SAO PAULO;FOSFATO DE OSELTAMIVIR 45MG;INFLUENZA;94500,0;;ENTREGA REALIZADA;2020/03/25 00:00:00.000
SUDESTE;SAO PAULO;SES;SAO PAULO;FOSFATO DE OSELTAMIVIR 45MG;INFLUENZA;100000,0;;ENTREGA REALIZADA;2020/04/20 00:00:00.000
NORTE;Acre;SMS;RIO BRANCO;FOSFATO DE OSELTAMIVIR 30MG;INFLUENZA;7500,0;;ENTREGA REALIZADA;2020/07/03 00:00:00.000
NORTE;Amapá;SMS;MACAPA;FOSFATO DE OSELTAMIVIR 30MG;INFLUENZA;200,0;;ENTREGA REALIZADA;2020/07/10 00:00:00.000
NORTE;Pará;SMS;BELEM;FOSFATO DE OSELTAMIVIR 30MG;INFLUENZA;3000,0;;ENTREGA REALIZADA;2020/07/02 00:00:00.000
NORTE;Roraima;SMS;BOA VISTA;FOSFATO DE OSELTAMIVIR 30MG;INFLUENZA;40000,0;;ENTREGA REALIZADA;2020/06/30 00:00:00.000
NORDESTE;Ceará;SMS;FORTALEZA;FOSFATO DE OSELTAMIVIR 30MG;INFLUENZA;7200,0;;ENTREGA REALIZADA;2020/06/26 00:00:00.000
NORDESTE;Maranhão;SMS;SAO LUIZ;FOSFATO DE OSELTAMIVIR 30MG;INFLUENZA;1000,0;;ENTREGA REALIZADA;2020/07/01 00:00:00.000
NORDESTE;Pernambuco;SMS;RECIFE;FOSFATO DE OSELTAMIVIR 30MG;INFLUENZA;4000,0;;ENTREGA REALIZADA;2020/06/26 00:00:00.000
NORDESTE;Rio Grande do Norte;SMS;NATAL;FOSFATO DE OSELTAMIVIR 30MG;INFLUENZA;700,0;;ENTREGA REALIZADA;2020/07/02 00:00:00.000
SUDESTE;São Paulo;SMS;SAO PAULO;FOSFATO DE OSELTAMIVIR 30MG;INFLUENZA;35000,0;;ENTREGA REALIZADA;2020/06/25 00:00:00.000
CENTRO-OESTE;Goiás;SMS;GOIANIA;FOSFATO DE OSELTAMIVIR 30MG;INFLUENZA;1000,0;;ENTREGA REALIZADA;2020/06/26 00:00:00.000
NORTE;Acre;SES;RIO BRANCO;FOSFATO DE OSELTAMIVIR 30MG;INFLUENZA;7500,0;;ENTREGA REALIZADA;2020/07/03 00:00:00.000
NORTE;Amapá;SES;MACAPA;FOSFATO DE OSELTAMIVIR 30MG;INFLUENZA;700,0;;ENTREGA REALIZADA;2020/07/10 00:00:00.000
NORTE;Pará;SES;MARITUBA;FOSFATO DE OSELTAMIVIR 30MG;INFLUENZA;17000,0;;ENTREGA REALIZADA;2020/06/26 00:00:00.000
NORTE;Roraima;SES;BOA VISTA;FOSFATO DE OSELTAMIVIR 30MG;INFLUENZA;20000,0;;ENTREGA REALIZADA;2020/06/26 00:00:00.000
NORDESTE;Ceará;SES;FORTALEZA;FOSFATO DE OSELTAMIVIR 30MG;INFLUENZA;8300,0;;ENTREGA REALIZADA;2020/06/26 00:00:00.000
NORDESTE;Maranhão;SES;SAO LUIS;FOSFATO DE OSELTAMIVIR 30MG;INFLUENZA;2000,0;;ENTREGA REALIZADA;2020/06/30 00:00:00.000
NORDESTE;Pernambuco;SES;RECIFE;FOSFATO DE OSELTAMIVIR 30MG;INFLUENZA;6000,0;;ENTREGA REALIZADA;2020/06/26 00:00:00.000
NORDESTE;Rio Grande do Norte;SES;NATAL;FOSFATO DE OSELTAMIVIR 30MG;INFLUENZA;2800,0;;ENTREGA REALIZADA;2020/07/09 00:00:00.000
SUDESTE;São Paulo;SES;SAO PAULO;FOSFATO DE OSELTAMIVIR 30MG;INFLUENZA;80000,0;;ENTREGA REALIZADA;2020/06/25 00:00:00.000
CENTRO-OESTE;Goiás;SES;GOIANIA;FOSFATO DE OSELTAMIVIR 30MG;INFLUENZA;2880,0;;ENTREGA REALIZADA;2020/06/26 00:00:00.000
NORTE;AMAZONAS;SAUDE INDIGENA;DSEI MANAUS;FOSFATO DE OSELTAMIVIR 30MG;INFLUENZA;5000,0;;ENTREGA REALIZADA;2020/06/26 00:00:00.000
NORTE;PARA;SAUDE INDIGENA;DSEI RIO TAPAJOS;FOSFATO DE OSELTAMIVIR 30MG;INFLUENZA;300,0;;ENTREGA REALIZADA;2020/06/30 00:00:00.000
NORTE;AMAZONAS;SAUDE INDIGENA;DSEI MEDIO RIO SOLIMOES;FOSFATO DE OSELTAMIVIR 30MG;INFLUENZA;1000,0;;ENTREGA REALIZADA;2020/07/06 00:00:00.000
NORTE;AMAPA;SAUDE INDIGENA;DSEI AMAPA E NORTE DO PARA;FOSFATO DE OSELTAMIVIR 30MG;INFLUENZA;2000,0;;ENTREGA REALIZADA;2020/06/29 00:00:00.000
NORTE;PARA;SAUDE INDIGENA;DSEI GUAMA TOCANTINS;FOSFATO DE OSELTAMIVIR 30MG;INFLUENZA;3600,0;;ENTREGA REALIZADA;2020/06/26 00:00:00.000
NORDESTE;CEARA;SAUDE INDIGENA;DSEI CEARA;FOSFATO DE OSELTAMIVIR 30MG;INFLUENZA;2000,0;;ENTREGA REALIZADA;2020/06/26 00:00:00.000
NORTE;Rondônia;SAUDE INDIGENA;DSEI PORTO VELHO;FOSFATO DE OSELTAMIVIR 30MG;INFLUENZA;2500,0;;ENTREGA REALIZADA;2020/07/02 00:00:00.000
SUL;PARANA;SAUDE INDIGENA;DSEI LITORAL SUL;FOSFATO DE OSELTAMIVIR 30MG;INFLUENZA;1500,0;;ENTREGA REALIZADA;2020/09/29 00:00:00.000
NORTE;Acre;SES;RIO BRANCO;FOSFATO DE OSELTAMIVIR 30MG;INFLUENZA;8200,0;;ENTREGA REALIZADA;2020/01/20 00:00:00.000
NORTE;Acre;SES;RIO BRANCO;FOSFATO DE OSELTAMIVIR 30MG;INFLUENZA;1810,0;;ENTREGA REALIZADA;2020/03/25 00:00:00.000
NORTE;Acre;SES;RIO BRANCO;FOSFATO DE OSELTAMIVIR 30MG;INFLUENZA;5000,0;;ENTREGA REALIZADA;2020/05/08 00:00:00.000
NORTE;Acre;SAUDE INDIGENA;Distrito Sanitário Indígena/DSEI - Alto Rio Juruá;FOSFATO DE OSELTAMIVIR 30MG;INFLUENZA;1000,0;;ENTREGA REALIZADA;2020/04/27 00:00:00.000
NORTE;AMAZONAS;SES;MANAUS;FOSFATO DE OSELTAMIVIR 30MG;INFLUENZA;4000,0;;ENTREGA REALIZADA;2020/04/03 00:00:00.000
NORTE;AMAZONAS;SES;MANAUS;FOSFATO DE OSELTAMIVIR 30MG;INFLUENZA;36500,0;;ENTREGA REALIZADA;2020/04/13 00:00:00.000
NORTE;AMAZONAS;SES;MANAUS;FOSFATO DE OSELTAMIVIR 30MG;INFLUENZA;10000,0;;ENTREGA REALIZADA;2020/04/13 00:00:00.000
NORTE;AMAZONAS;SAUDE INDIGENA;Distrito Sanitário Especial Indígena - Manaus/Amazonas;FOSFATO DE OSELTAMIVIR 30MG;INFLUENZA;5000,0;;ENTREGA REALIZADA;2020/04/03 00:00:00.000
NORTE;AMAZONAS;SAUDE INDIGENA;Distrito Sanitário Especial Indígena - Manaus/Amazonas;FOSFATO DE OSELTAMIVIR 30MG;INFLUENZA;3560,0;;ENTREGA REALIZADA;2020/05/08 00:00:00.000
NORTE;AMAPA;SES;MACAPA;FOSFATO DE OSELTAMIVIR 30MG;INFLUENZA;350,0;;ENTREGA REALIZADA;2020/01/20 00:00:00.000
NORTE;AMAPA;SES;MACAPA;FOSFATO DE OSELTAMIVIR 30MG;INFLUENZA;420,0;;ENTREGA REALIZADA;2020/03/27 00:00:00.000
NORTE;PARA;SES;MARITUBA;FOSFATO DE OSELTAMIVIR 30MG;INFLUENZA;4800,0;;ENTREGA REALIZADA;2020/02/11 00:00:00.000
NORTE;PARA;SES;MARITUBA;FOSFATO DE OSELTAMIVIR 30MG;INFLUENZA;4800,0;;ENTREGA REALIZADA;2020/03/20 00:00:00.000
NORTE;PARA;SES;MARITUBA;FOSFATO DE OSELTAMIVIR 30MG;INFLUENZA;5000,0;;ENTREGA REALIZADA;2020/03/26 00:00:00.000
NORTE;PARA;SES;MARITUBA;FOSFATO DE OSELTAMIVIR 30MG;INFLUENZA;5000,0;;ENTREGA REALIZADA;2020/04/22 00:00:00.000
NORTE;PARA;SES;MARITUBA;FOSFATO DE OSELTAMIVIR 30MG;INFLUENZA;10000,0;;ENTREGA REALIZADA;2020/05/12 00:00:00.000
NORTE;PARA;SAUDE INDIGENA;DSEI Altamira;FOSFATO DE OSELTAMIVIR 30MG;INFLUENZA;3000,0;;ENTREGA REALIZADA;2020/04/22 00:00:00.000
NORTE;PARA;SAUDE INDIGENA;DSEI Guama-Tocantins/PA;FOSFATO DE OSELTAMIVIR 30MG;INFLUENZA;1580,0;;ENTREGA REALIZADA;2020/03/31 00:00:00.000
NORTE;Rondônia;SES;PORTO VELHO;FOSFATO DE OSELTAMIVIR 30MG;INFLUENZA;520,0;;ENTREGA REALIZADA;2020/03/23 00:00:00.000
NORTE;Rondônia;SES;PORTO VELHO;FOSFATO DE OSELTAMIVIR 30MG;INFLUENZA;33000,0;;ENTREGA REALIZADA;2020/04/15 00:00:00.000
NORTE;Rondônia;SAUDE INDIGENA;Distrito Sanitário Especial Indígena Porto Velho;FOSFATO DE OSELTAMIVIR 30MG;INFLUENZA;1500,0;;ENTREGA REALIZADA;2020/04/06 00:00:00.000
NORTE;Rondônia;SAUDE INDIGENA;DSEI VILHENA;FOSFATO DE OSELTAMIVIR 30MG;INFLUENZA;500,0;;ENTREGA REALIZADA;2020/04/02 00:00:00.000
NORTE;RORAIMA;SES;BOA VISTA;FOSFATO DE OSELTAMIVIR 30MG;INFLUENZA;1670,0;;ENTREGA REALIZADA;2020/02/29 00:00:00.000
NORTE;RORAIMA;SES;BOA VISTA;FOSFATO DE OSELTAMIVIR 30MG;INFLUENZA;1610,0;;ENTREGA REALIZADA;2020/03/25 00:00:00.000
NORTE;RORAIMA;SES;BOA VISTA;FOSFATO DE OSELTAMIVIR 30MG;INFLUENZA;2000,0;;ENTREGA REALIZADA;2020/04/27 00:00:00.000
NORTE;RORAIMA;SAUDE INDIGENA;Distrito Sanitário Especial Indígena YANOMAMI;FOSFATO DE OSELTAMIVIR 30MG;INFLUENZA;20000,0;;ENTREGA REALIZADA;2020/05/14 00:00:00.000
NORTE;Tocantins;SES;PALMAS;FOSFATO DE OSELTAMIVIR 30MG;INFLUENZA;2000,0;;ENTREGA REALIZADA;2020/01/17 00:00:00.000
NORTE;Tocantins;SES;PALMAS;FOSFATO DE OSELTAMIVIR 30MG;INFLUENZA;7000,0;;ENTREGA REALIZADA;2020/04/06 00:00:00.000
NORDESTE;ALAGOAS;SES;MACEIO;FOSFATO DE OSELTAMIVIR 30MG;INFLUENZA;1500,0;;ENTREGA REALIZADA;2020/01/20 00:00:00.000
NORDESTE;ALAGOAS;SES;MACEIO;FOSFATO DE OSELTAMIVIR 30MG;INFLUENZA;10000,0;;ENTREGA REALIZADA;2020/04/13 00:00:00.000
NORDESTE;ALAGOAS;SAUDE INDIGENA;Distrito Sanitário Especial Indígena de Alagoas e Sergipe;FOSFATO DE OSELTAMIVIR 30MG;INFLUENZA;500,0;;ENTREGA REALIZADA;2020/04/17 00:00:00.000
NORDESTE;BAHIA;SES;SALVADOR;FOSFATO DE OSELTAMIVIR 30MG;INFLUENZA;14310,0;;ENTREGA REALIZADA;2020/01/24 00:00:00.000
NORDESTE;BAHIA;SES;SALVADOR;FOSFATO DE OSELTAMIVIR 30MG;INFLUENZA;20290,0;;ENTREGA REALIZADA;2020/03/23 00:00:00.000
NORDESTE;BAHIA;SES;SALVADOR;FOSFATO DE OSELTAMIVIR 30MG;INFLUENZA;6570,0;;ENTREGA REALIZADA;2020/04/06 00:00:00.000
NORDESTE;BAHIA;SES;SALVADOR;FOSFATO DE OSELTAMIVIR 30MG;INFLUENZA;8000,0;;ENTREGA REALIZADA;2020/05/13 00:00:00.000
NORDESTE;BAHIA;SAUDE INDIGENA;Distrito Sanitário Especial Indígena - Bahia;FOSFATO DE OSELTAMIVIR 30MG;INFLUENZA;6500,0;;ENTREGA REALIZADA;2020/04/22 00:00:00.000
NORDESTE;CEARA;SES;FORTALEZA;FOSFATO DE OSELTAMIVIR 30MG;INFLUENZA;6200,0;;ENTREGA REALIZADA;2020/01/28 00:00:00.000
NORDESTE;CEARA;SES;FORTALEZA;FOSFATO DE OSELTAMIVIR 30MG;INFLUENZA;6000,0;;ENTREGA REALIZADA;2020/02/26 00:00:00.000
NORDESTE;CEARA;SES;FORTALEZA;FOSFATO DE OSELTAMIVIR 30MG;INFLUENZA;3000,0;;ENTREGA REALIZADA;2020/03/05 00:00:00.000
NORDESTE;CEARA;SES;FORTALEZA;FOSFATO DE OSELTAMIVIR 30MG;INFLUENZA;5930,0;;ENTREGA REALIZADA;2020/03/25 00:00:00.000
NORDESTE;CEARA;SES;FORTALEZA;FOSFATO DE OSELTAMIVIR 30MG;INFLUENZA;6500,0;;ENTREGA REALIZADA;2020/04/04 00:00:00.000
NORDESTE;CEARA;SES;FORTALEZA;FOSFATO DE OSELTAMIVIR 30MG;INFLUENZA;15500,0;;ENTREGA REALIZADA;2020/04/13 00:00:00.000
NORDESTE;CEARA;SES;FORTALEZA;FOSFATO DE OSELTAMIVIR 30MG;INFLUENZA;20000,0;;ENTREGA REALIZADA;2020/04/26 00:00:00.000
NORDESTE;CEARA;SES;FORTALEZA;FOSFATO DE OSELTAMIVIR 30MG;INFLUENZA;60000,0;;ENTREGA REALIZADA;2020/05/07 00:00:00.000
NORDESTE;CEARA;SAUDE INDIGENA;DSEI CEARA;FOSFATO DE OSELTAMIVIR 30MG;INFLUENZA;2000,0;;ENTREGA REALIZADA;2020/04/15 00:00:00.000
NORDESTE;MARANHAO;SES;SAO LUIZ;FOSFATO DE OSELTAMIVIR 30MG;INFLUENZA;1070,0;;ENTREGA REALIZADA;2020/01/20 00:00:00.000
NORDESTE;MARANHAO;SES;SAO LUIZ;FOSFATO DE OSELTAMIVIR 30MG;INFLUENZA;1500,0;;ENTREGA REALIZADA;2020/03/23 00:00:00.000
NORDESTE;MARANHAO;SES;SAO LUIZ;FOSFATO DE OSELTAMIVIR 30MG;INFLUENZA;5000,0;;ENTREGA REALIZADA;2020/04/13 00:00:00.000
NORDESTE;MARANHAO;SES;SAO LUIZ;FOSFATO DE OSELTAMIVIR 30MG;INFLUENZA;5000,0;;ENTREGA REALIZADA;2020/05/11 00:00:00.000
NORDESTE;PARAIBA;SES;JOAO PESSOA;FOSFATO DE OSELTAMIVIR 30MG;INFLUENZA;3000,0;;ENTREGA REALIZADA;2020/03/23 00:00:00.000
NORDESTE;PARAIBA;SES;JOAO PESSOA;FOSFATO DE OSELTAMIVIR 30MG;INFLUENZA;500,0;;ENTREGA REALIZADA;2020/04/15 00:00:00.000
NORDESTE;PARAIBA;SES;JOAO PESSOA;FOSFATO DE OSELTAMIVIR 30MG;INFLUENZA;4500,0;;ENTREGA REALIZADA;2020/04/14 00:00:00.000
NORDESTE;PERNAMBUCO;SES;RECIFE;FOSFATO DE OSELTAMIVIR 30MG;INFLUENZA;3560,0;;ENTREGA REALIZADA;2020/01/28 00:00:00.000
NORDESTE;PERNAMBUCO;SES;RECIFE;FOSFATO DE OSELTAMIVIR 30MG;INFLUENZA;4640,0;;ENTREGA REALIZADA;2020/03/25 00:00:00.000
NORDESTE;PERNAMBUCO;SES;RECIFE;FOSFATO DE OSELTAMIVIR 30MG;INFLUENZA;5000,0;;ENTREGA REALIZADA;2020/04/27 00:00:00.000
NORDESTE;PIAUI;SES;TERESINA;FOSFATO DE OSELTAMIVIR 30MG;INFLUENZA;690,0;;ENTREGA REALIZADA;2020/01/20 00:00:00.000
NORDESTE;PIAUI;SES;TERESINA;FOSFATO DE OSELTAMIVIR 30MG;INFLUENZA;720,0;;ENTREGA REALIZADA;2020/03/23 00:00:00.000
NORDESTE;PIAUI;SES;TERESINA;FOSFATO DE OSELTAMIVIR 30MG;INFLUENZA;7000,0;;ENTREGA REALIZADA;2020/04/18 00:00:00.000
NORDESTE;PIAUI;SES;TERESINA;FOSFATO DE OSELTAMIVIR 30MG;INFLUENZA;5000,0;;ENTREGA REALIZADA;2020/05/14 00:00:00.000
NORDESTE;RIO GRANDE DO NORTE;SES;NATAL;FOSFATO DE OSELTAMIVIR 30MG;INFLUENZA;2230,0;;ENTREGA REALIZADA;2020/01/22 00:00:00.000
NORDESTE;RIO GRANDE DO NORTE;SES;NATAL;FOSFATO DE OSELTAMIVIR 30MG;INFLUENZA;2740,0;;ENTREGA REALIZADA;2020/03/23 00:00:00.000
NORDESTE;RIO GRANDE DO NORTE;SES;NATAL;FOSFATO DE OSELTAMIVIR 30MG;INFLUENZA;3130,0;;ENTREGA REALIZADA;2020/04/16 00:00:00.000
NORDESTE;SERGIPE;SES;ARACAJU;FOSFATO DE OSELTAMIVIR 30MG;INFLUENZA;2170,0;;ENTREGA REALIZADA;2020/01/20 00:00:00.000
NORDESTE;SERGIPE;SES;ARACAJU;FOSFATO DE OSELTAMIVIR 30MG;INFLUENZA;3950,0;;ENTREGA REALIZADA;2020/03/23 00:00:00.000
NORDESTE;SERGIPE;SES;ARACAJU;FOSFATO DE OSELTAMIVIR 30MG;INFLUENZA;8000,0;;ENTREGA REALIZADA;2020/05/08 00:00:00.000
CENTRO-OESTE;DISTRITO FEDERAL;SES;BRASILIA;FOSFATO DE OSELTAMIVIR 30MG;INFLUENZA;3020,0;;ENTREGA REALIZADA;2020/01/20 00:00:00.000
CENTRO-OESTE;DISTRITO FEDERAL;SES;BRASILIA;FOSFATO DE OSELTAMIVIR 30MG;INFLUENZA;4440,0;;ENTREGA REALIZADA;2020/03/23 00:00:00.000
CENTRO-OESTE;DISTRITO FEDERAL;SES;BRASILIA;FOSFATO DE OSELTAMIVIR 30MG;INFLUENZA;6000,0;;ENTREGA REALIZADA;2020/04/23 00:00:00.000
CENTRO-OESTE;GOIAS;SES;GOIANIA;FOSFATO DE OSELTAMIVIR 30MG;INFLUENZA;4060,0;;ENTREGA REALIZADA;2020/01/22 00:00:00.000
CENTRO-OESTE;GOIAS;SES;GOIANIA;FOSFATO DE OSELTAMIVIR 30MG;INFLUENZA;5590,0;;ENTREGA REALIZADA;2020/02/24 00:00:00.000
CENTRO-OESTE;GOIAS;SES;GOIANIA;FOSFATO DE OSELTAMIVIR 30MG;INFLUENZA;4000,0;;ENTREGA REALIZADA;2020/04/27 00:00:00.000
CENTRO-OESTE;MATO GROSSO;SES;CUIABA;FOSFATO DE OSELTAMIVIR 30MG;INFLUENZA;1300,0;;ENTREGA REALIZADA;2020/01/20 00:00:00.000
CENTRO-OESTE;MATO GROSSO;SES;CUIABA;FOSFATO DE OSELTAMIVIR 30MG;INFLUENZA;1890,0;;ENTREGA REALIZADA;2020/03/23 00:00:00.000
CENTRO-OESTE;MATO GROSSO;SES;CUIABA;FOSFATO DE OSELTAMIVIR 30MG;INFLUENZA;5000,0;;ENTREGA REALIZADA;2020/04/14 00:00:00.000
CENTRO-OESTE;MATO GROSSO;SAUDE INDIGENA;Distrito Sanitário Especial Indígena - XINGU;FOSFATO DE OSELTAMIVIR 30MG;INFLUENZA;1000,0;;ENTREGA REALIZADA;2020/04/24 00:00:00.000
CENTRO-OESTE;MATO GROSSO;SAUDE INDIGENA;Distrito Sanitário Especial Indigena XAVANTE;FOSFATO DE OSELTAMIVIR 30MG;INFLUENZA;500,0;;ENTREGA REALIZADA;2020/04/24 00:00:00.000
CENTRO-OESTE;MATO GROSSO DO SUL;SES;CAMPO GRANDE;FOSFATO DE OSELTAMIVIR 30MG;INFLUENZA;8400,0;;ENTREGA REALIZADA;2020/01/22 00:00:00.000
CENTRO-OESTE;MATO GROSSO DO SUL;SES;CAMPO GRANDE;FOSFATO DE OSELTAMIVIR 30MG;INFLUENZA;10340,0;;ENTREGA REALIZADA;2020/03/24 00:00:00.000
CENTRO-OESTE;MATO GROSSO DO SUL;SES;CAMPO GRANDE;FOSFATO DE OSELTAMIVIR 30MG;INFLUENZA;10000,0;;ENTREGA REALIZADA;2020/04/02 00:00:00.000
CENTRO-OESTE;MATO GROSSO DO SUL;SES;CAMPO GRANDE;FOSFATO DE OSELTAMIVIR 30MG;INFLUENZA;80000,0;;ENTREGA REALIZADA;2020/05/13 00:00:00.000
CENTRO-OESTE;MATO GROSSO DO SUL;SAUDE INDIGENA;Distrito Sanitário Especial Indígena de Mato Grosso do Sul;FOSFATO DE OSELTAMIVIR 30MG;INFLUENZA;5000,0;;ENTREGA REALIZADA;2020/04/13 00:00:00.000
SUL;PARANA;SES;CURITIBA;FOSFATO DE OSELTAMIVIR 30MG;INFLUENZA;71650,0;;ENTREGA REALIZADA;2020/01/23 00:00:00.000
SUL;PARANA;SES;CURITIBA;FOSFATO DE OSELTAMIVIR 30MG;INFLUENZA;105000,0;;ENTREGA REALIZADA;2020/03/25 00:00:00.000
SUL;PARANA;SES;CURITIBA;FOSFATO DE OSELTAMIVIR 30MG;INFLUENZA;140000,0;;ENTREGA REALIZADA;2020/04/13 00:00:00.000
SUL;SANTA CATARINA;SES;SAO JOSE;FOSFATO DE OSELTAMIVIR 30MG;INFLUENZA;49620,0;;ENTREGA REALIZADA;2020/02/10 00:00:00.000
SUL;SANTA CATARINA;SES;SAO JOSE;FOSFATO DE OSELTAMIVIR 30MG;INFLUENZA;68840,0;;ENTREGA REALIZADA;2020/03/20 00:00:00.000
SUL;SANTA CATARINA;SES;SAO JOSE;FOSFATO DE OSELTAMIVIR 30MG;INFLUENZA;70000,0;;ENTREGA REALIZADA;2020/04/14 00:00:00.000
SUL;SANTA CATARINA;SAUDE INDIGENA;DSEI INTERIOR SUL - SAO JOSE;FOSFATO DE OSELTAMIVIR 30MG;INFLUENZA;500,0;;ENTREGA REALIZADA;2020/05/07 00:00:00.000
SUL;Rio Grande do Sul;SES;PORTO ALEGRE;FOSFATO DE OSELTAMIVIR 30MG;INFLUENZA;43340,0;;ENTREGA REALIZADA;2020/01/29 00:00:00.000
SUL;Rio Grande do Sul;SES;PORTO ALEGRE;FOSFATO DE OSELTAMIVIR 30MG;INFLUENZA;124800,0;;ENTREGA REALIZADA;2020/04/01 00:00:00.000
SUL;Rio Grande do Sul;SES;PORTO ALEGRE;FOSFATO DE OSELTAMIVIR 30MG;INFLUENZA;90000,0;;ENTREGA REALIZADA;2020/06/10 00:00:00.000
SUDESTE;ESPIRITO SANTO;SES;VITORIA;FOSFATO DE OSELTAMIVIR 30MG;INFLUENZA;2900,0;;ENTREGA REALIZADA;2020/01/20 00:00:00.000
SUDESTE;ESPIRITO SANTO;SES;VITORIA;FOSFATO DE OSELTAMIVIR 30MG;INFLUENZA;4250,0;;ENTREGA REALIZADA;2020/03/23 00:00:00.000
SUDESTE;ESPIRITO SANTO;SES;VITORIA;FOSFATO DE OSELTAMIVIR 30MG;INFLUENZA;5750,0;;ENTREGA REALIZADA;2020/04/02 00:00:00.000
SUDESTE;ESPIRITO SANTO;SES;VITORIA;FOSFATO DE OSELTAMIVIR 30MG;INFLUENZA;20000,0;;ENTREGA REALIZADA;2020/05/08 00:00:00.000
SUDESTE;MINAS GERAIS;SES;BELO HORIZONTE;FOSFATO DE OSELTAMIVIR 30MG;INFLUENZA;46310,0;;ENTREGA REALIZADA;2020/01/21 00:00:00.000
SUDESTE;MINAS GERAIS;SES;BELO HORIZONTE;FOSFATO DE OSELTAMIVIR 30MG;INFLUENZA;95800,0;;ENTREGA REALIZADA;2020/03/25 00:00:00.000
SUDESTE;MINAS GERAIS;SES;BELO HORIZONTE;FOSFATO DE OSELTAMIVIR 30MG;INFLUENZA;32260,0;;ENTREGA REALIZADA;2020/04/13 00:00:00.000
SUDESTE;MINAS GERAIS;SES;BELO HORIZONTE;FOSFATO DE OSELTAMIVIR 30MG;INFLUENZA;20000,0;;ENTREGA REALIZADA;2020/05/15 00:00:00.000
SUDESTE;MINAS GERAIS;SAUDE INDIGENA;Distrito Sanitário Especial Indígena de MG/ES;FOSFATO DE OSELTAMIVIR 30MG;INFLUENZA;10000,0;;ENTREGA REALIZADA;2020/05/08 00:00:00.000
SUDESTE;RIO DE JANEIRO;SES;NITEROI;FOSFATO DE OSELTAMIVIR 30MG;INFLUENZA;21600,0;;ENTREGA REALIZADA;2020/01/29 00:00:00.000
SUDESTE;RIO DE JANEIRO;SES;NITEROI;FOSFATO DE OSELTAMIVIR 30MG;INFLUENZA;3900,0;;ENTREGA REALIZADA;2020/04/01 00:00:00.000
SUDESTE;RIO DE JANEIRO;SES;NITEROI;FOSFATO DE OSELTAMIVIR 30MG;INFLUENZA;39000,0;;ENTREGA REALIZADA;2020/04/03 00:00:00.000
SUDESTE;RIO DE JANEIRO;SES;NITEROI;FOSFATO DE OSELTAMIVIR 30MG;INFLUENZA;51000,0;;ENTREGA REALIZADA;2020/05/13 00:00:00.000
SUDESTE;SAO PAULO;SES;SAO PAULO;FOSFATO DE OSELTAMIVIR 30MG;INFLUENZA;372600,0;;ENTREGA REALIZADA;2020/01/31 00:00:00.000
SUDESTE;SAO PAULO;SES;SAO PAULO;FOSFATO DE OSELTAMIVIR 30MG;INFLUENZA;405000,0;;ENTREGA REALIZADA;2020/03/25 00:00:00.000
SUDESTE;SAO PAULO;SES;SAO PAULO;FOSFATO DE OSELTAMIVIR 75MG;INFLUENZA;300000,0;;ENTREGA REALIZADA;2020/06/25 00:00:00.000
NORDESTE;MARANHAO;SES;SAO LUIZ;FOSFATO DE OSELTAMIVIR 75MG;INFLUENZA;4000,0;;ENTREGA REALIZADA;2020/06/30 00:00:00.000
NORDESTE;RIO GRANDE DO NORTE;SES;NATAL;FOSFATO DE OSELTAMIVIR 75MG;INFLUENZA;32000,0;;ENTREGA REALIZADA;2020/07/02 00:00:00.000
CENTRO-OESTE;DISTRITO FEDERAL;SES;BRASILIA;DIFOSFATO DE CLOROQUINA 150MG;MALARIA;500,0;;ENTREGA REALIZADA;2020/02/03 00:00:00.000
CENTRO-OESTE;MATO GROSSO;SES;CUIABA;DIFOSFATO DE CLOROQUINA 150MG;MALARIA;8500,0;;ENTREGA REALIZADA;2020/04/02 00:00:00.000
CENTRO-OESTE;MATO GROSSO;SAUDE INDIGENA;Distrito Sanitária Especial Indígena de Cuiabá;DIFOSFATO DE CLOROQUINA 150MG;MALARIA;1500,0;;ENTREGA REALIZADA;2020/04/02 00:00:00.000
CENTRO-OESTE;MATO GROSSO;SAUDE INDIGENA;Distrito Sanitário Especial Indígena Kaiapó Colider/MT;DIFOSFATO DE CLOROQUINA 150MG;MALARIA;500,0;;ENTREGA REALIZADA;2020/04/01 00:00:00.000
SUL;SANTA CATARINA;SES;SAO JOSE;DIFOSFATO DE CLOROQUINA 150MG;MALARIA;2500,0;;ENTREGA REALIZADA;2020/01/21 00:00:00.000
SUL;PARANA;SES;CURITIBA;DIFOSFATO DE CLOROQUINA 150MG;MALARIA;4000,0;;ENTREGA REALIZADA;2020/01/23 00:00:00.000
NORDESTE;PERNAMBUCO;SES;RECIFE;DIFOSFATO DE CLOROQUINA 150MG;MALARIA;500,0;;ENTREGA REALIZADA;2020/01/27 00:00:00.000
NORDESTE;RIO GRANDE DO NORTE;SES;NATAL;DIFOSFATO DE CLOROQUINA 150MG;MALARIA;500,0;;ENTREGA REALIZADA;2020/03/10 00:00:00.000
NORDESTE;RIO GRANDE DO NORTE;SES;NATAL;DIFOSFATO DE CLOROQUINA 150MG;MALARIA;1000,0;;ENTREGA REALIZADA;2020/05/22 00:00:00.000
NORDESTE;CEARA;SES;FORTALEZA;DIFOSFATO DE CLOROQUINA 150MG;MALARIA;500,0;;ENTREGA REALIZADA;2020/04/01 00:00:00.000
NORDESTE;PIAUI;SES;TERESINA;DIFOSFATO DE CLOROQUINA 150MG;MALARIA;2500,0;;ENTREGA REALIZADA;2020/05/20 00:00:00.000
NORDESTE;MARANHAO;SES;SAO LUIZ;DIFOSFATO DE CLOROQUINA 150MG;MALARIA;9000,0;;ENTREGA REALIZADA;2020/03/26 00:00:00.000
NORTE;Acre;SES;RIO BRANCO;DIFOSFATO DE CLOROQUINA 150MG;MALARIA;60000,0;;ENTREGA REALIZADA;2020/04/03 00:00:00.000
NORTE;Acre;Distrito Sanitário Indígena/DSEI - Alto Rio Juruá;CRUZEIRO DO SUL;DIFOSFATO DE CLOROQUINA 150MG;MALARIA;1500,0;;ENTREGA REALIZADA;2020/04/20 00:00:00.000
NORTE;Acre;Distrito Sanitário Especial Indígena Alto Rio Purus;RIO BRANCO;DIFOSFATO DE CLOROQUINA 150MG;MALARIA;5000,0;;ENTREGA REALIZADA;2020/04/06 00:00:00.000
NORTE;AMAPA;Distrito Sanitário Especial Indígena Alto Rio Purus;MACAPA;DIFOSFATO DE CLOROQUINA 150MG;MALARIA;2500,0;;ENTREGA REALIZADA;2020/05/14 00:00:00.000
NORTE;AMAZONAS;SES;MANAUS;DIFOSFATO DE CLOROQUINA 150MG;MALARIA;231000,0;;ENTREGA REALIZADA;2020/04/22 00:00:00.000
NORTE;AMAZONAS;Distrito Sanitário Especial Indígena Médio Purus;LABREA;DIFOSFATO DE CLOROQUINA 150MG;MALARIA;8000,0;;ENTREGA REALIZADA;2020/04/29 00:00:00.000
NORTE;AMAZONAS;Distrito Sanitário Indígena/DSEI ALTO RIO SOLIMOES;TABATINGA;DIFOSFATO DE CLOROQUINA 150MG;MALARIA;4000,0;;ENTREGA REALIZADA;2020/02/05 00:00:00.000
NORTE;AMAZONAS;Distrito Sanitário Indígena/DSEI MANAUS;MANAUS;DIFOSFATO DE CLOROQUINA 150MG;MALARIA;3000,0;;ENTREGA REALIZADA;2020/02/03 00:00:00.000
NORTE;AMAZONAS;DSEI Médio Rio Solimões e Afluentes;TEFE;DIFOSFATO DE CLOROQUINA 150MG;MALARIA;7500,0;;ENTREGA REALIZADA;2020/02/10 00:00:00.000
NORTE;AMAZONAS;Distrito Sanitário Especial Indígena - Parintins;PARINTINS;DIFOSFATO DE CLOROQUINA 150MG;MALARIA;1500,0;;ENTREGA REALIZADA;2020/04/13 00:00:00.000
NORTE;Rondônia;AGEVISA - SES;PORTO VELHO;DIFOSFATO DE CLOROQUINA 150MG;MALARIA;44000,0;;ENTREGA REALIZADA;2020/03/30 00:00:00.000
NORTE;Rondônia;DSEI-PORTO VELHO;PORTO VELHO;DIFOSFATO DE CLOROQUINA 150MG;MALARIA;7500,0;;ENTREGA REALIZADA;2020/03/10 00:00:00.000
NORTE;Rondônia;DSEI-VILHENA;CACOAL;DIFOSFATO DE CLOROQUINA 150MG;MALARIA;500,0;;ENTREGA REALIZADA;2020/03/04 00:00:00.000
NORTE;RORAIMA;SES;BOA VISTA;DIFOSFATO DE CLOROQUINA 150MG;MALARIA;38000,0;;ENTREGA REALIZADA;2020/04/02 00:00:00.000
NORTE;RORAIMA;Distrito Sanitário Especial Indígena YANOMAMI;BOA VISTA;DIFOSFATO DE CLOROQUINA 150MG;MALARIA;31000,0;;ENTREGA REALIZADA;2020/04/09 00:00:00.000
NORTE;RORAIMA;Distrito Sanitário Indígena/DSEI LESTE RORAIMA;BOA VISTA;DIFOSFATO DE CLOROQUINA 150MG;MALARIA;10500,0;;ENTREGA REALIZADA;2020/02/03 00:00:00.000
NORTE;PARA;SES;MARITUBA;DIFOSFATO DE CLOROQUINA 150MG;MALARIA;99500,0;;ENTREGA REALIZADA;2020/04/03 00:00:00.000
NORTE;PARA;Distrito Sanitário Especial Indígena de RIO TAPAJOS;ITAITUBA;DIFOSFATO DE CLOROQUINA 150MG;MALARIA;2500,0;;ENTREGA REALIZADA;2020/03/28 00:00:00.000
NORTE;PARA;DSEI Altamira;ALTAMIRA;DIFOSFATO DE CLOROQUINA 150MG;MALARIA;6500,0;;ENTREGA REALIZADA;2020/01/23 00:00:00.000
NORTE;PARA;Distrito Sanitário Especial Indígena Amapá;ALTAMIRA;DIFOSFATO DE CLOROQUINA 150MG;MALARIA;500,0;;ENTREGA REALIZADA;2020/05/12 00:00:00.000
NORTE;PARA;Distrito Sanitário Especial Indígena Kayapó Redenção;REDENCAO;DIFOSFATO DE CLOROQUINA 150MG;MALARIA;500,0;;ENTREGA REALIZADA;2020/05/07 00:00:00.000
NORTE;PARA;Distrito Sanitário Indígena/DSEI GUAMA-TOCANTINS;BELEM;DIFOSFATO DE CLOROQUINA 150MG;MALARIA;1500,0;;ENTREGA REALIZADA;2020/03/27 00:00:00.000
NORTE;Tocantins;SES;PALMAS;DIFOSFATO DE CLOROQUINA 150MG;MALARIA;5500,0;;ENTREGA REALIZADA;2020/03/31 00:00:00.000
NORTE;Tocantins;SES;PALMAS;DIFOSFATO DE CLOROQUINA 150MG;MALARIA;10500,0;;ENTREGA REALIZADA;2020/03/31 00:00:00.000
SUDESTE;ESPIRITO SANTO;SES;VITORIA;DIFOSFATO DE CLOROQUINA 150MG;MALARIA;5000,0;;ENTREGA REALIZADA;2020/03/31 00:00:00.000
SUDESTE;MINAS GERAIS;SES;CONTAGEM;DIFOSFATO DE CLOROQUINA 150MG;MALARIA;2500,0;;ENTREGA REALIZADA;2020/01/29 00:00:00.000
NORTE;AMAZONAS;Distrito Sanitário Especial Indígena Médio Purus;LABREA;DIFOSFATO DE CLOROQUINA 150MG;MALARIA;9500,0;;ENTREGA REALIZADA;2020/02/27 00:00:00.000
NORTE;RORAIMA;Distrito Sanitário Especial Indígena Leste;BOA VISTA;DIFOSFATO DE CLOROQUINA 150MG;MALARIA;12000,0;;ENTREGA REALIZADA;2020/03/30 00:00:00.000
NORDESTE;MARANHAO;SES;SAO LUIZ;DIFOSFATO DE CLOROQUINA 150MG;MALARIA;20000,0;2020/06/02 00:00:00.000;ENTREGA REALIZADA;2020/06/12 00:00:00.000
CENTRO-OESTE;MATO GROSSO;SES;CUIABA;DIFOSFATO DE CLOROQUINA 150MG;MALARIA;8000,0;2020/06/02 00:00:00.000;ENTREGA REALIZADA;2020/06/05 00:00:00.000
NORTE;Rondônia;SES;PORTO VELHO;DIFOSFATO DE CLOROQUINA 150MG;MALARIA;57500,0;2020/06/02 00:00:00.000;ENTREGA REALIZADA;2020/06/12 00:00:00.000
NORTE;Acre;SES;RIO BRANCO;DIFOSFATO DE CLOROQUINA 150MG;MALARIA;27000,0;2020/06/03 00:00:00.000;ENTREGA REALIZADA;2020/06/15 00:00:00.000
NORTE;Acre;SES;RIO BRANCO;DIFOSFATO DE CLOROQUINA 150MG;MALARIA;57500,0;2020/06/02 00:00:00.000;ENTREGA REALIZADA;2020/06/15 00:00:00.000
NORTE;AMAPA;SES;MACAPA;DIFOSFATO DE CLOROQUINA 150MG;MALARIA;27000,0;2020/06/03 00:00:00.000;ENTREGA REALIZADA;2020/06/26 00:00:00.000
NORTE;PARA;SES;MARITUBA;DIFOSFATO DE CLOROQUINA 150MG;MALARIA;97500,0;2020/06/10 00:00:00.000;ENTREGA REALIZADA;2020/06/22 00:00:00.000
NORTE;RORAIMA;SES;BOA VISTA;DIFOSFATO DE CLOROQUINA 150MG;MALARIA;45500,0;2020/06/15 00:00:00.000;ENTREGA REALIZADA;2020/06/24 00:00:00.000
NORTE;RORAIMA;DSEI LESTE RR;BOA VISTA;DIFOSFATO DE CLOROQUINA 150MG;MALARIA;24000,0;2020/06/10 00:00:00.000;ENTREGA REALIZADA;2020/06/19 00:00:00.000
NORTE;RORAIMA;DSEI LESTE RR;BOA VISTA;DIFOSFATO DE CLOROQUINA 150MG;MALARIA;33000,0;2020/06/25 00:00:00.000;ENTREGA REALIZADA;2020/06/29 00:00:00.000
NORTE;RORAIMA;DSEI LESTE RR;BOA VISTA;DIFOSFATO DE CLOROQUINA 150MG;MALARIA;9500,0;2020/06/26 00:00:00.000;ENTREGA REALIZADA;2020/06/29 00:00:00.000
NORTE;RORAIMA;DSEI LESTE RR;BOA VISTA;DIFOSFATO DE CLOROQUINA 150MG;MALARIA;12500,0;2020/06/27 00:00:00.000;ENTREGA REALIZADA;2020/06/29 00:00:00.000
NORTE;RORAIMA;DSEI YANOMAMI;BOA VISTA;DIFOSFATO DE CLOROQUINA 150MG;MALARIA;33000,0;2020/06/25 00:00:00.000;ENTREGA REALIZADA;2020/06/30 00:00:00.000
NORTE;RORAIMA;DSEI YANOMAMI;BOA VISTA;DIFOSFATO DE CLOROQUINA 150MG;MALARIA;2500,0;2020/06/25 00:00:00.000;ENTREGA REALIZADA;2020/06/29 00:00:00.000
NORTE;RORAIMA;DSEI YANOMAMI;BOA VISTA;DIFOSFATO DE CLOROQUINA 150MG;MALARIA;3500,0;2020/06/25 00:00:00.000;ENTREGA REALIZADA;2020/06/29 00:00:00.000
NORTE;RORAIMA;DSEI YANOMAMI;BOA VISTA;DIFOSFATO DE CLOROQUINA 150MG;MALARIA;500,0;2020/06/25 00:00:00.000;ENTREGA REALIZADA;2020/06/29 00:00:00.000
NORTE;RORAIMA;DSEI YANOMAMI;BOA VISTA;DIFOSFATO DE CLOROQUINA 150MG;MALARIA;6000,0;2020/06/25 00:00:00.000;ENTREGA REALIZADA;2020/06/29 00:00:00.000
NORTE;Rondônia;DSEI PORTO VELHO;PORTO VELHO;DIFOSFATO DE CLOROQUINA 150MG;MALARIA;2000,0;2020/06/18 00:00:00.000;ENTREGA REALIZADA;2020/06/29 00:00:00.000
CENTRO-OESTE;MATO GROSSO;SES;CUIABA;DIFOSFATO DE CLOROQUINA 150MG;MALARIA;8000,0;2020/06/02 00:00:00.000;ENTREGA REALIZADA;2020/06/05 00:00:00.000
NORTE;AMAZONAS;DSEI MEDIO PURUS;LABREA;DIFOSFATO DE CLOROQUINA 150MG;MALARIA;5500,0;2020/06/12 00:00:00.000;ENTREGA REALIZADA;2020/06/29 00:00:00.000
NORTE;PARA;DSEI GUAMA TOCANTINS;BELEM;DIFOSFATO DE CLOROQUINA 150MG;MALARIA;1500,0;2020/06/10 00:00:00.000;ENTREGA REALIZADA;2020/06/17 00:00:00.000
NORDESTE;MARANHAO;SES;SAO LUIZ;DIFOSFATO DE CLOROQUINA 150MG;MALARIA;20000,0;2020/06/02 00:00:00.000;ENTREGA REALIZADA;2020/06/12 00:00:00.000
NORDESTE;BAHIA;SES;SALVADOR;DIFOSFATO DE CLOROQUINA 150MG;MALARIA;4000,0;2020/06/15 00:00:00.000;ENTREGA REALIZADA;2020/06/19 00:00:00.000
CENTRO-OESTE;MATO GROSSO DO SUL;SES;CAMPO GRANDE;DIFOSFATO DE CLOROQUINA 150MG;MALARIA;500,0;2020/06/05 00:00:00.000;ENTREGA REALIZADA;2020/06/15 00:00:00.000
NORDESTE;PERNAMBUCO;SES;JABOATAO DOS GUARARAPES;DIFOSFATO DE CLOROQUINA 150MG;MALARIA;1500,0;2020/06/15 00:00:00.000;ENTREGA REALIZADA;2020/06/19 00:00:00.000
NORTE;Rondônia;SES;PORTO VELHO;DIFOSFATO DE CLOROQUINA 150MG;MALARIA;57500,0;2020/06/02 00:00:00.000;ENTREGA REALIZADA;2020/06/12 00:00:00.000
NORTE;RORAIMA;DSEI YANOMAMI;BOA VISTA;DIFOSFATO DE CLOROQUINA 150MG;MALARIA;1000,0;2020/06/05 00:00:00.000;ENTREGA REALIZADA;2020/06/18 00:00:00.000
NORTE;RORAIMA;DSEI YANOMAMI;BOA VISTA;DIFOSFATO DE CLOROQUINA 150MG;MALARIA;74500,0;2020/06/10 00:00:00.000;ENTREGA REALIZADA;2020/06/19 00:00:00.000
NORTE;Acre;DSEI RIO PURUS;RIO BRANCO;DIFOSFATO DE CLOROQUINA 150MG;MALARIA;1000,0;2020/06/30 00:00:00.000;EXPEDICAO CONCL.;2020/07/01 00:00:00.000
CENTRO-OESTE;MATO GROSSO;DSEI KAIAPO COLIDER;COLIDER;DIFOSFATO DE CLOROQUINA 150MG;MALARIA;500,0;2020/06/30 00:00:00.000;EXPEDICAO CONCL.;2020/07/01 00:00:00.000
SUL;PARANA;SES;CURITIBA;DIFOSFATO DE CLOROQUINA 150MG;MALARIA;4000,0;2020/06/30 00:00:00.000;PEDIDO FINALIZADO;2020/07/02 00:00:00.000
NORTE;PARA;DSEI RIO TAPAJOS;ITAITUBA;DIFOSFATO DE CLOROQUINA 150MG;MALARIA;19000,0;2020/06/10 00:00:00.000;REDESPACHADO;2020/06/22 00:00:00.000
